step,action,action_label,reward,cumulative_reward,x,y,vx,vy,angle,angular_velocity,left_contact,right_contact,terminated,truncated
0,2,Moteur principal,3.6418054131733415,3.6418054131733415,-0.0023813247680664062,1.3985029458999634,-0.12429468333721161,-0.25531288981437683,0.0022289010230451822,0.017852328717708588,0.0,0.0,False,False
1,2,Moteur principal,0.737416640654186,4.379222053827528,-0.00354938511736691,1.3928388357162476,-0.11803261190652847,-0.2517373263835907,0.003442482789978385,0.02427392452955246,0.0,0.0,False,False
2,2,Moteur principal,-0.6803888064001911,3.698833247427337,-0.004868984222412109,1.3871084451675415,-0.1324552595615387,-0.2546886205673218,0.0039349389262497425,0.009850003756582737,0.0,0.0,False,False
3,2,Moteur principal,2.48383153063362,6.182664778060957,-0.006291294004768133,1.3820985555648804,-0.14224794507026672,-0.22266142070293427,0.003952689468860626,0.00035516961361281574,0.0,0.0,False,False
4,3,Orientation droite,-1.1055810495624872,5.07708372849847,-0.007632636930793524,1.3764768838882446,-0.13208357989788055,-0.24984537065029144,0.001933334395289421,-0.040390823036432266,0.0,0.0,False,False
5,2,Moteur principal,4.177617470228836,9.254701198727306,-0.008817672729492188,1.3716645240783691,-0.11722628772258759,-0.2138862907886505,0.0006686380365863442,-0.025296296924352646,0.0,0.0,False,False
6,2,Moteur principal,1.4557695308062761,10.710470729533581,-0.009915446862578392,1.3670703172683716,-0.10891958326101303,-0.20418834686279297,-0.00017947856395039707,-0.01696404442191124,0.0,0.0,False,False
7,3,Orientation droite,-1.7409481206487374,8.969522608884844,-0.010937118902802467,1.3618855476379395,-0.09937498718500137,-0.23043304681777954,-0.0029404505621641874,-0.05522426962852478,0.0,0.0,False,False
8,2,Moteur principal,0.48757958595451784,9.457102194839361,-0.012002086266875267,1.3568872213363647,-0.10349492728710175,-0.2221640795469284,-0.005913706496357918,-0.05947072431445122,0.0,0.0,False,False
9,2,Moteur principal,3.110292119995319,12.56739431483468,-0.01305236853659153,1.3527008295059204,-0.1020698994398117,-0.18607473373413086,-0.00884400773793459,-0.058611273765563965,0.0,0.0,False,False
10,1,Orientation gauche,-2.4431252760941775,10.124269038740502,-0.01416311226785183,1.3479039669036865,-0.1096358671784401,-0.21319618821144104,-0.010257279500365257,-0.028267856687307358,0.0,0.0,False,False
11,2,Moteur principal,-1.0187658882246524,9.10550315051585,-0.015433120541274548,1.343041181564331,-0.12479090690612793,-0.2161497175693512,-0.01244147215038538,-0.04368799552321434,0.0,0.0,False,False
12,2,Moteur principal,-0.24317387590606926,8.86232927460978,-0.016789818182587624,1.3382477760314941,-0.13302075862884521,-0.21306128799915314,-0.01506001502275467,-0.0523754358291626,0.0,0.0,False,False
13,2,Moteur principal,2.936384755380243,11.798714029990023,-0.018186187371611595,1.3343768119812012,-0.13673880696296692,-0.17207208275794983,-0.01793808490037918,-0.057566992938518524,0.0,0.0,False,False
14,1,Orientation gauche,-2.27780731431386,9.520906715676164,-0.019642163068056107,1.329911470413208,-0.1441919207572937,-0.19848109781742096,-0.019318852573633194,-0.027617529034614563,0.0,0.0,False,False
15,2,Moteur principal,2.8384343046052836,12.359341020281448,-0.021157264709472656,1.3264198303222656,-0.14973458647727966,-0.15520194172859192,-0.021073540672659874,-0.035097211599349976,0.0,0.0,False,False
16,1,Orientation gauche,-2.2702217971112177,10.089119223170231,-0.022757435217499733,1.3223273754119873,-0.1603962928056717,-0.1818879246711731,-0.020690446719527245,0.007662401534616947,0.0,0.0,False,False
17,3,Orientation droite,-1.1985662352359714,8.89055298793426,-0.024279499426484108,1.3176347017288208,-0.15061472356319427,-0.20858675241470337,-0.022268567234277725,-0.03156528249382973,0.0,0.0,False,False
18,2,Moteur principal,1.4498361006205982,10.340389088554858,-0.025614166632294655,1.3130385875701904,-0.13270318508148193,-0.2042843997478485,-0.023017963394522667,-0.014989450573921204,0.0,0.0,False,False
19,2,Moteur principal,0.10851148238800762,10.448900570942865,-0.026999473571777344,1.3085317611694336,-0.13748468458652496,-0.20031766593456268,-0.024054350331425667,-0.020729651674628258,0.0,0.0,False,False
20,2,Moteur principal,0.8708851235038935,11.319785694446757,-0.02846698835492134,1.3044085502624512,-0.14524434506893158,-0.18327467143535614,-0.025546494871377945,-0.029845595359802246,0.0,0.0,False,False
21,1,Orientation gauche,-2.1950165773985746,9.124769117048183,-0.030002975836396217,1.299680471420288,-0.1538134515285492,-0.21013711392879486,-0.02532307431101799,0.004468854982405901,0.0,0.0,False,False
22,2,Moteur principal,0.044140518142296525,9.168909635190479,-0.0315614715218544,1.2949504852294922,-0.1559288203716278,-0.21021869778633118,-0.025252820923924446,0.0014051261823624372,0.0,0.0,False,False
23,2,Moteur principal,0.8313586799778079,10.000268315168286,-0.03312664106488228,1.2904236316680908,-0.15648403763771057,-0.20119617879390717,-0.02527489885687828,-0.00044152248301543295,0.0,0.0,False,False
24,2,Moteur principal,3.209481708577056,13.209750023745343,-0.0345333106815815,1.2865041494369507,-0.14129933714866638,-0.17418351769447327,-0.02465917356312275,0.01231476105749607,0.0,0.0,False,False
25,3,Orientation droite,-1.2563276695592254,11.953422354186118,-0.03585309907793999,1.2819855213165283,-0.13038280606269836,-0.20085524022579193,-0.02622900903224945,-0.0313967689871788,0.0,0.0,False,False
26,1,Orientation gauche,-2.297551168030479,9.65587118615564,-0.03726396709680557,1.2768704891204834,-0.14182475209236145,-0.22731973230838776,-0.025506218895316124,0.014455976895987988,0.0,0.0,False,False
27,2,Moteur principal,1.0834014304075026,10.739272616563142,-0.038570404052734375,1.2718207836151123,-0.13181114196777344,-0.2244151532649994,-0.024352556094527245,0.02307329885661602,0.0,0.0,False,False
28,2,Moteur principal,2.0647693016961,12.80404191825924,-0.03980064392089844,1.2671328783035278,-0.12448775768280029,-0.20833571255207062,-0.022919438779354095,0.02866249717772007,0.0,0.0,False,False
29,3,Orientation droite,-1.4181682080939015,11.38587371016534,-0.04095716401934624,1.2618539333343506,-0.11522708088159561,-0.2346314787864685,-0.023337198421359062,-0.00835496000945568,0.0,0.0,False,False
30,2,Moteur principal,1.8250477326424288,13.210921442807768,-0.04209470748901367,1.2569774389266968,-0.11333948373794556,-0.2167365849018097,-0.023739144206047058,-0.008039204403758049,0.0,0.0,False,False
31,2,Moteur principal,2.3909055600738727,15.601827002881642,-0.04311494901776314,1.2525382041931152,-0.1020880937576294,-0.19729165732860565,-0.02367500029504299,0.0012830417836084962,0.0,0.0,False,False
32,2,Moteur principal,-0.06588642779609016,15.53594057508555,-0.04426298290491104,1.248216152191162,-0.11421976238489151,-0.19210773706436157,-0.02425442636013031,-0.011588620953261852,0.0,0.0,False,False
33,1,Orientation gauche,-2.2837561162888833,13.252184458796668,-0.04550790786743164,1.243289828300476,-0.12635807693004608,-0.21891345083713531,-0.022404979914426804,0.03698888048529625,0.0,0.0,False,False
34,2,Moteur principal,0.00603795223493081,13.258222411031598,-0.04678287357091904,1.2383087873458862,-0.12919870018959045,-0.2213599532842636,-0.02073291875422001,0.03344140946865082,0.0,0.0,False,False
35,2,Moteur principal,1.3789321808205954,14.637154591852193,-0.047980498522520065,1.2334918975830078,-0.12176654487848282,-0.21405473351478577,-0.01875154674053192,0.039627399295568466,0.0,0.0,False,False
36,3,Orientation droite,-1.4377201107315887,13.199434481120605,-0.04909782484173775,1.2280681133270264,-0.11169864237308502,-0.24105969071388245,-0.018788492307066917,-0.0007386208162643015,0.0,0.0,False,False
37,2,Moteur principal,3.1401057913679837,16.339540272488588,-0.05024299770593643,1.223431944847107,-0.11426607519388199,-0.20605818927288055,-0.019034497439861298,-0.0049200039356946945,0.0,0.0,False,False
38,2,Moteur principal,0.4962994283014666,16.835839700790054,-0.05143279954791069,1.2189548015594482,-0.11847251653671265,-0.1989855319261551,-0.019531425088644028,-0.009938543662428856,0.0,0.0,False,False
39,2,Moteur principal,3.2163787599349805,20.052218460725033,-0.052461910992860794,1.215087890625,-0.10309202969074249,-0.17186354100704193,-0.019358640536665916,0.0034558388870209455,0.0,0.0,False,False
40,3,Orientation droite,-1.6807089113870564,18.371509549337976,-0.05340547487139702,1.210611343383789,-0.0923488587141037,-0.19898323714733124,-0.021340275183320045,-0.03963227942585945,0.0,0.0,False,False
41,1,Orientation gauche,-2.384119378942954,15.987390170395022,-0.05443448945879936,1.2055336236953735,-0.10307557880878448,-0.2256774753332138,-0.021174421533942223,0.0033171605318784714,0.0,0.0,False,False
42,2,Moteur principal,2.7637527972490092,18.751142967644032,-0.05560769885778427,1.2013105154037476,-0.11672453582286835,-0.18770037591457367,-0.021770600229501724,-0.011923721060156822,0.0,0.0,False,False
43,2,Moteur principal,1.1919646028943987,19.94310757053843,-0.056937314569950104,1.1976773738861084,-0.13153797388076782,-0.16149085760116577,-0.02316943183541298,-0.02797684073448181,0.0,0.0,False,False
44,1,Orientation gauche,-2.247840947086614,17.695266623451815,-0.05834684520959854,1.1934505701065063,-0.14157599210739136,-0.18785269558429718,-0.02255587838590145,0.012271200306713581,0.0,0.0,False,False
45,3,Orientation droite,-1.359349356127409,16.335917267324405,-0.05967006832361221,1.1886111497879028,-0.13074994087219238,-0.21511133015155792,-0.024114906787872314,-0.03118058480322361,0.0,0.0,False,False
46,2,Moteur principal,2.985159600399851,19.321076867724255,-0.06104278564453125,1.1846858263015747,-0.1353498250246048,-0.17448790371418,-0.026015354320406914,-0.03800889104604721,0.0,0.0,False,False
47,1,Orientation gauche,-2.298210992804711,17.022865874919543,-0.06248941272497177,1.1801549196243286,-0.1446034014225006,-0.20136921107769012,-0.026065370067954063,-0.0010005320655182004,0.0,0.0,False,False
48,2,Moteur principal,1.5134920083021768,18.53635788322172,-0.0637454017996788,1.1756987571716309,-0.12638646364212036,-0.19804291427135468,-0.025288550183176994,0.015536261722445488,0.0,0.0,False,False
49,2,Moteur principal,3.8049554637299368,22.341313346951654,-0.06490735709667206,1.1720948219299316,-0.11730857938528061,-0.16015122830867767,-0.02419026754796505,0.02196541056036949,0.0,0.0,False,False
50,3,Orientation droite,-1.416758227501332,20.92455511945032,-0.0659821480512619,1.1678798198699951,-0.10636428743600845,-0.187349334359169,-0.02528798021376133,-0.021954486146569252,0.0,0.0,False,False
51,1,Orientation gauche,-2.205302769519362,18.719252349930958,-0.06713056564331055,1.1630786657333374,-0.11560235172510147,-0.21337227523326874,-0.024530043825507164,0.015158504247665405,0.0,0.0,False,False
52,2,Moteur principal,1.906758636360746,20.626010986291703,-0.0681556686758995,1.158552646636963,-0.1037900298833847,-0.20112742483615875,-0.023268593475222588,0.02522931434214115,0.0,0.0,False,False
53,3,Orientation droite,-1.5954503599579926,19.03056062633371,-0.06909094005823135,1.1534230709075928,-0.0925125777721405,-0.22799564898014069,-0.024266747757792473,-0.019963473081588745,0.0,0.0,False,False
54,2,Moteur principal,0.6464654348035708,19.67702606113728,-0.06997213512659073,1.1483747959136963,-0.08731432259082794,-0.2243819236755371,-0.02506626583635807,-0.01599043793976307,0.0,0.0,False,False
55,2,Moteur principal,0.10137958947920539,19.778405650616484,-0.07092170417308807,1.1433920860290527,-0.09377004206180573,-0.22147339582443237,-0.026233017444610596,-0.023335054516792297,0.0,0.0,False,False
56,2,Moteur principal,2.7488434211535493,22.527249071770033,-0.07201585918664932,1.1392781734466553,-0.10743594169616699,-0.182877779006958,-0.028187498450279236,-0.03908964991569519,0.0,0.0,False,False
57,1,Orientation gauche,-2.4340729528741734,20.093176118895858,-0.07319927215576172,1.1345564126968384,-0.11862282454967499,-0.2098536640405655,-0.027905844151973724,0.005632997956126928,0.0,0.0,False,False
58,2,Moteur principal,0.882067616501115,20.975243735396973,-0.07438278198242188,1.1300196647644043,-0.11856690794229507,-0.2016245573759079,-0.027692437171936035,0.00426799152046442,0.0,0.0,False,False
59,2,Moteur principal,4.334176835374376,25.309420570771348,-0.0753667801618576,1.126318335533142,-0.09942255914211273,-0.16449013352394104,-0.02667897380888462,0.020269203931093216,0.0,0.0,False,False
60,3,Orientation droite,-1.6250142235503222,23.684406347221024,-0.07628002017736435,1.122015118598938,-0.09055574238300323,-0.19126828014850616,-0.02744172140955925,-0.015254907310009003,0.0,0.0,False,False
61,2,Moteur principal,2.0228305200136107,25.707236867234634,-0.07723979651927948,1.1182867288589478,-0.09489165991544724,-0.16572628915309906,-0.028519246727228165,-0.021550385281443596,0.0,0.0,False,False
62,1,Orientation gauche,-2.2779828881500053,23.429253979084628,-0.07826366275548935,1.1139566898345947,-0.10292158275842667,-0.19243334233760834,-0.027989748865365982,0.010589851066470146,0.0,0.0,False,False
63,2,Moteur principal,3.028577984016505,26.457831963101132,-0.07922039180994034,1.1102920770645142,-0.09641382843255997,-0.16286183893680573,-0.027259211987257004,0.014610725454986095,0.0,0.0,False,False
64,3,Orientation droite,-1.7027444695984844,24.755087493502646,-0.08010073006153107,1.1060150861740112,-0.08680955320596695,-0.1901107132434845,-0.028457369655370712,-0.023963289335370064,0.0,0.0,False,False
65,1,Orientation gauche,-2.234189568248779,22.520897925253866,-0.08104829490184784,1.1011488437652588,-0.09527323395013809,-0.21626488864421844,-0.027955707162618637,0.010033242404460907,0.0,0.0,False,False
66,2,Moteur principal,2.0460592560644217,24.566957181318287,-0.0819101333618164,1.0966485738754272,-0.08699975907802582,-0.19999656081199646,-0.02714010514318943,0.016312018036842346,0.0,0.0,False,False
67,2,Moteur principal,0.04115961201794677,24.608116793336233,-0.08291053771972656,1.0922640562057495,-0.10015158355236053,-0.19487044215202332,-0.027025431394577026,0.0022934498265385628,0.0,0.0,False,False
68,2,Moteur principal,1.539244424940773,26.147361218277005,-0.08397827297449112,1.0883424282073975,-0.10649094730615616,-0.17429253458976746,-0.027311362326145172,-0.005718528758734465,0.0,0.0,False,False
69,3,Orientation droite,-1.7297137149467108,24.417647503330294,-0.08497428894042969,1.0838160514831543,-0.09748295694589615,-0.20122142136096954,-0.02940329909324646,-0.04183891788125038,0.0,0.0,False,False
70,2,Moteur principal,0.3334491482436704,24.751096651573963,-0.08593396842479706,1.0793497562408447,-0.09395941346883774,-0.19853845238685608,-0.031387194991111755,-0.03967771679162979,0.0,0.0,False,False
71,2,Moteur principal,2.1043450996667845,26.855441751240747,-0.08699359744787216,1.0755856037139893,-0.10336103290319443,-0.1673554629087448,-0.03395945578813553,-0.05144503712654114,0.0,0.0,False,False
72,1,Orientation gauche,-2.413027927152426,24.44241382408832,-0.088134765625,1.071235179901123,-0.11359308660030365,-0.19336135685443878,-0.034475259482860565,-0.010316014289855957,0.0,0.0,False,False
73,2,Moteur principal,3.337577334041282,27.7799911581296,-0.0892934799194336,1.0678224563598633,-0.11511170864105225,-0.15169651806354523,-0.03523632884025574,-0.015221329405903816,0.0,0.0,False,False
74,1,Orientation gauche,-2.2744534913040284,25.50553766682557,-0.09054593741893768,1.0638229846954346,-0.12687110900878906,-0.17771248519420624,-0.033635154366493225,0.03202322497963905,0.0,0.0,False,False
75,3,Orientation droite,-1.4046112993226234,24.100926367502947,-0.09172926098108292,1.0592151880264282,-0.1181817278265953,-0.20479145646095276,-0.03377844765782356,-0.002865733578801155,0.0,0.0,False,False
76,2,Moteur principal,1.2156391649924785,25.316565532495424,-0.09277830272912979,1.0547137260437012,-0.10531426966190338,-0.20005936920642853,-0.03337486833333969,0.008071836084127426,0.0,0.0,False,False
77,2,Moteur principal,-0.6892845215485182,24.627281010946906,-0.09397430717945099,1.0501827001571655,-0.11926226317882538,-0.20138703286647797,-0.03370944783091545,-0.006691706366837025,0.0,0.0,False,False
78,2,Moteur principal,-0.09105498244982185,24.536226028497083,-0.09523849189281464,1.0456995964050293,-0.12569117546081543,-0.1992672085762024,-0.034426551312208176,-0.014342254027724266,0.0,0.0,False,False
79,2,Moteur principal,-0.9732142886111206,23.56301173988596,-0.09664173424243927,1.041150450706482,-0.13887964189052582,-0.20221610367298126,-0.03584283962845802,-0.02832559123635292,0.0,0.0,False,False
80,2,Moteur principal,1.343678914440727,24.906690654326688,-0.09810762107372284,1.037102222442627,-0.14473482966423035,-0.17996233701705933,-0.03767084330320358,-0.036560118198394775,0.0,0.0,False,False
81,2,Moteur principal,1.0930175891264298,25.999708243453117,-0.09968099743127823,1.0336565971374512,-0.15484783053398132,-0.15320324897766113,-0.04013590142130852,-0.04930136725306511,0.0,0.0,False,False
82,1,Orientation gauche,-2.322100183688859,23.677608059764257,-0.10134115070104599,1.0296173095703125,-0.16572333872318268,-0.17952798306941986,-0.0404195599257946,-0.0056730108335614204,0.0,0.0,False,False
83,2,Moteur principal,1.1887444793413635,24.86635253910562,-0.10298661887645721,1.0259101390838623,-0.1642150580883026,-0.1647743284702301,-0.040751997381448746,-0.006648932583630085,0.0,0.0,False,False
84,3,Orientation droite,-1.2470777276886895,23.61927481141693,-0.10456619411706924,1.0216035842895508,-0.15595778822898865,-0.19146154820919037,-0.042737025767564774,-0.039700426161289215,0.0,0.0,False,False
85,2,Moteur principal,1.0031677290090613,24.62244254042599,-0.10595254600048065,1.0172624588012695,-0.13745228946208954,-0.19297155737876892,-0.04390303045511246,-0.023319989442825317,0.0,0.0,False,False
86,2,Moteur principal,1.9415731406045438,26.564015681030533,-0.10730085521936417,1.0134156942367554,-0.13367542624473572,-0.17100299894809723,-0.04504135996103287,-0.02276681736111641,0.0,0.0,False,False
87,1,Orientation gauche,-2.3280773894126114,24.23593829161792,-0.10874662548303604,1.0089693069458008,-0.14590269327163696,-0.19757555425167084,-0.04373190924525261,0.026189010590314865,0.0,0.0,False,False
88,2,Moteur principal,2.2102754260728945,26.446213717690814,-0.11013784259557724,1.0049943923950195,-0.14054915308952332,-0.17662854492664337,-0.04231451079249382,0.02834777906537056,0.0,0.0,False,False
89,3,Orientation droite,-1.2338242720928168,25.212389445597996,-0.11144208908081055,1.0004130601882935,-0.12964971363544464,-0.2036348283290863,-0.04308337718248367,-0.015377379953861237,0.0,0.0,False,False
90,2,Moteur principal,1.3181545915894162,26.53054403718741,-0.11280632019042969,0.9962838888168335,-0.13522139191627502,-0.1835591346025467,-0.04426902160048485,-0.02371310628950596,0.0,0.0,False,False
91,2,Moteur principal,0.8780932895851066,27.408637326772517,-0.11429910361766815,0.9926794171333313,-0.14732417464256287,-0.16025835275650024,-0.04620257392525673,-0.03867092728614807,0.0,0.0,False,False
92,1,Orientation gauche,-2.2111846673436575,25.19745265942886,-0.11586923897266388,0.9884923100471497,-0.15703622996807098,-0.18609581887722015,-0.04617869853973389,0.00047775841085240245,0.0,0.0,False,False
93,2,Moteur principal,1.559070868532882,26.75652352796174,-0.11731748282909393,0.9845046401023865,-0.1453017294406891,-0.1772211194038391,-0.045705441385507584,0.009465230628848076,0.0,0.0,False,False
94,2,Moteur principal,1.1263448384919854,27.882868366453724,-0.11885404586791992,0.9810203313827515,-0.1535717248916626,-0.15485712885856628,-0.04579631984233856,-0.0018175989389419556,0.0,0.0,False,False
95,3,Orientation droite,-1.205917673470579,26.676950692983144,-0.12030353397130966,0.9769207835197449,-0.14263583719730377,-0.18228116631507874,-0.04808812215924263,-0.04583597555756569,0.0,0.0,False,False
96,2,Moteur principal,0.5399693945985546,27.2169200875817,-0.12162790447473526,0.9727945923805237,-0.13061223924160004,-0.1834404468536377,-0.04988636448979378,-0.03596483916044235,0.0,0.0,False,False
97,2,Moteur principal,2.590521414923953,29.80744150250565,-0.12302188575267792,0.9696144461631775,-0.13700981438159943,-0.14142340421676636,-0.0522441565990448,-0.04715624079108238,0.0,0.0,False,False
98,1,Orientation gauche,-2.240966836701445,27.566474665804204,-0.12447814643383026,0.965835452079773,-0.1448112279176712,-0.1679825782775879,-0.05303964391350746,-0.015909701585769653,0.0,0.0,False,False
99,2,Moteur principal,1.8550203944920411,29.421495060296245,-0.12580843269824982,0.962374746799469,-0.1326702982187271,-0.15381981432437897,-0.05340440943837166,-0.007295072078704834,0.0,0.0,False,False
100,1,Orientation gauche,-2.237055648305328,27.184439411990915,-0.12723322212696075,0.9583171010017395,-0.1445137858390808,-0.1802717000246048,-0.05139639228582382,0.04016031697392464,0.0,0.0,False,False
101,3,Orientation droite,-1.1212189064519282,26.063220505538986,-0.1285683661699295,0.9536606669425964,-0.1332630217075348,-0.20696036517620087,-0.05163891613483429,-0.004850643686950207,0.0,0.0,False,False
102,2,Moteur principal,2.4255031717558184,28.488723677294804,-0.12981100380420685,0.9494979977607727,-0.12426874786615372,-0.18500521779060364,-0.05162828415632248,0.0002125195023836568,0.0,0.0,False,False
103,2,Moteur principal,1.6912892188498148,30.180012896144618,-0.1309429109096527,0.9456028342247009,-0.11358481645584106,-0.17310361564159393,-0.051244817674160004,0.007669404149055481,0.0,0.0,False,False
104,2,Moteur principal,2.457561079933183,32.6375739760778,-0.13189029693603516,0.9420700669288635,-0.09583514928817749,-0.15697696805000305,-0.05016069859266281,0.02168230153620243,0.0,0.0,False,False
105,3,Orientation droite,-1.658641347786811,30.97893262829099,-0.1327502280473709,0.9379198551177979,-0.08484415709972382,-0.18449057638645172,-0.05129100754857063,-0.022606419399380684,0.0,0.0,False,False
106,1,Orientation gauche,-2.2550284710820834,28.723904157208906,-0.13368263840675354,0.9331815838813782,-0.09394984692335129,-0.21056851744651794,-0.05058874934911728,0.01404526550322771,0.0,0.0,False,False
107,2,Moteur principal,3.3363344336002116,32.06023859080912,-0.13455486297607422,0.9291691184043884,-0.08800509572029114,-0.17829756438732147,-0.049815453588962555,0.015466021373867989,0.0,0.0,False,False
108,2,Moteur principal,0.39168620552274264,32.451924796331866,-0.13554993271827698,0.9253814220428467,-0.09959591925144196,-0.1683454066514969,-0.04973682761192322,0.001572518260218203,0.0,0.0,False,False
109,2,Moteur principal,4.158180592139428,36.6101053884713,-0.13642911612987518,0.9225401282310486,-0.08829809725284576,-0.12626856565475464,-0.0493595153093338,0.007546310778707266,0.0,0.0,False,False
110,1,Orientation gauche,-2.1518677998834606,34.458237588587835,-0.13737717270851135,0.9191083312034607,-0.09694238007068634,-0.15245680510997772,-0.04724422097206116,0.0423058345913887,0.0,0.0,False,False
111,3,Orientation droite,-1.5112758109855793,32.946961777602255,-0.1382383406162262,0.91506427526474,-0.08604484051465988,-0.179742231965065,-0.04731995612382889,-0.001514806062914431,0.0,0.0,False,False
112,2,Moteur principal,2.2653253076262674,35.212287085228525,-0.13904818892478943,0.9115230441093445,-0.08098595589399338,-0.15738920867443085,-0.04731934145092964,1.235940999322338e-05,0.0,0.0,False,False
113,1,Orientation gauche,-2.280174760878181,32.93211232435034,-0.13993778824806213,0.9073765873908997,-0.09097954630851746,-0.18422450125217438,-0.045322660356760025,0.0399337075650692,0.0,0.0,False,False
114,2,Moteur principal,3.521467037477845,36.45357936182819,-0.1408587396144867,0.904132068157196,-0.09375283867120743,-0.14415211975574493,-0.04368072375655174,0.032838888466358185,0.0,0.0,False,False
115,3,Orientation droite,-1.586371797092993,34.867207564735196,-0.1417173445224762,0.900287389755249,-0.08593187481164932,-0.17087221145629883,-0.04360441491007805,0.0015261364169418812,0.0,0.0,False,False
116,2,Moteur principal,2.105640898745574,36.97284846348077,-0.142510324716568,0.8968896269798279,-0.07954458147287369,-0.1510077863931656,-0.043366190046072006,0.004764413461089134,0.0,0.0,False,False
117,1,Orientation gauche,-2.1532964716400884,34.81955199184068,-0.14336510002613068,0.8929019570350647,-0.08729282766580582,-0.17717245221138,-0.04156947508454323,0.03593426197767258,0.0,0.0,False,False
118,3,Orientation droite,-1.7157338055783942,33.10381818626229,-0.1441390961408615,0.8883017301559448,-0.07716277986764908,-0.2044697105884552,-0.041809629648923874,-0.00480310432612896,0.0,0.0,False,False
119,2,Moteur principal,4.096625976767737,37.20044416303003,-0.1447741538286209,0.8845526576042175,-0.06372374296188354,-0.1666223555803299,-0.04159453883767128,0.004301716573536396,0.0,0.0,False,False
120,2,Moteur principal,0.7189632542864473,37.91940741731648,-0.14546270668506622,0.8810185790061951,-0.06870792806148529,-0.1570715755224228,-0.04173083230853081,-0.002726190257817507,0.0,0.0,False,False
121,1,Orientation gauche,-2.2789199318442983,35.64048748547218,-0.14622154831886292,0.8768812417984009,-0.07752993702888489,-0.1838357001543045,-0.0401034951210022,0.032546572387218475,0.0,0.0,False,False
122,2,Moteur principal,1.772986188884414,37.413473674356595,-0.14707708358764648,0.8732466101646423,-0.08661732822656631,-0.16151238977909088,-0.039059918373823166,0.020871538668870926,0.0,0.0,False,False
123,3,Orientation droite,-1.741145529050853,35.67232814530574,-0.14785662293434143,0.8690078258514404,-0.07707629352807999,-0.1884079873561859,-0.03992900252342224,-0.01738155260682106,0.0,0.0,False,False
124,2,Moteur principal,0.2934637507300238,35.96579189603577,-0.14867115020751953,0.864876389503479,-0.08031388372182846,-0.18365369737148285,-0.041046444326639175,-0.022349011152982712,0.0,0.0,False,False
125,2,Moteur principal,0.5262962479146409,36.49208814395041,-0.1495751440525055,0.8609902262687683,-0.08873922377824783,-0.17276351153850555,-0.04268471151590347,-0.03276537358760834,0.0,0.0,False,False
126,2,Moteur principal,2.0086803458026283,38.50076848975304,-0.15046758949756622,0.8576452732086182,-0.08748893439769745,-0.14871449768543243,-0.044419996440410614,-0.03470583260059357,0.0,0.0,False,False
127,1,Orientation gauche,-2.46039416095435,36.04037432879869,-0.15144233405590057,0.8536969423294067,-0.09780620038509369,-0.17547397315502167,-0.044092725962400436,0.006545280572026968,0.0,0.0,False,False
128,2,Moteur principal,1.1777178872611074,37.2180922160598,-0.15243569016456604,0.8500638604164124,-0.09945331513881683,-0.16146089136600494,-0.043975938111543655,0.002335968893021345,0.0,0.0,False,False
129,2,Moteur principal,3.398241384188748,40.61633360024855,-0.15341338515281677,0.8473537564277649,-0.09775379300117493,-0.12045104801654816,-0.04399346560239792,-0.0003504024352878332,0.0,0.0,False,False
130,1,Orientation gauche,-2.2269447172242125,38.38938888302434,-0.15446873009204865,0.8440454006195068,-0.1074875146150589,-0.1469852328300476,-0.042061369866132736,0.038642000406980515,0.0,0.0,False,False
131,3,Orientation droite,-1.4223758885230058,36.96701299450133,-0.15543775260448456,0.8401199579238892,-0.09665139019489288,-0.1744716614484787,-0.04231051355600357,-0.004982945509254932,0.0,0.0,False,False
132,2,Moteur principal,0.19071338761206108,37.157726382113395,-0.15635061264038086,0.8361606001853943,-0.09122265875339508,-0.17596936225891113,-0.04237398877739906,-0.0012693859171122313,0.0,0.0,False,False
133,2,Moteur principal,1.3053167211023549,38.46304310321575,-0.15717515349388123,0.8324136137962341,-0.08269225060939789,-0.166523277759552,-0.04213525727391243,0.00477440282702446,0.0,0.0,False,False
134,2,Moteur principal,0.8177252607729144,39.28076836398867,-0.15785951912403107,0.8286973237991333,-0.0692514032125473,-0.16514331102371216,-0.04133087024092674,0.016087619587779045,0.0,0.0,False,False
135,3,Orientation droite,-1.9381780913145537,37.342590272674116,-0.1584651917219162,0.8243748545646667,-0.05937439203262329,-0.192147359251976,-0.042508091777563095,-0.023544520139694214,0.0,0.0,False,False
136,2,Moteur principal,3.2160057224416905,40.55859599511581,-0.15908031165599823,0.8208484053611755,-0.06008876487612724,-0.1567726582288742,-0.04391198605298996,-0.02807789482176304,0.0,0.0,False,False
137,1,Orientation gauche,-2.373555916642188,38.18504007847362,-0.15978631377220154,0.8167387843132019,-0.07150574028491974,-0.18262210488319397,-0.04301805794239044,0.017878424376249313,0.0,0.0,False,False
138,2,Moteur principal,4.040432260874522,42.225472339348144,-0.16045255959033966,0.813559353351593,-0.06750847399234772,-0.14128392934799194,-0.042143337428569794,0.017494646832346916,0.0,0.0,False,False
139,3,Orientation droite,-1.9424342634292049,40.28303807591894,-0.16105346381664276,0.809770941734314,-0.059301894158124924,-0.1683967262506485,-0.04291775822639465,-0.015488361939787865,0.0,0.0,False,False
140,2,Moteur principal,3.3374516517762602,43.6204897276952,-0.16167859733104706,0.8068456649780273,-0.06142861396074295,-0.1300460398197174,-0.04399854317307472,-0.02161545120179653,0.0,0.0,False,False
141,1,Orientation gauche,-2.4423863559383947,41.178103371756805,-0.16239508986473083,0.8033276200294495,-0.07288150489330292,-0.15631763637065887,-0.042781345546245575,0.02434389665722847,0.0,0.0,False,False
142,3,Orientation droite,-1.7870511779089628,39.39105219384784,-0.16302260756492615,0.7992154955863953,-0.06173013895750046,-0.18279579281806946,-0.0437922328710556,-0.020218033343553543,0.0,0.0,False,False
143,2,Moteur principal,1.4512893523722112,40.842341546220055,-0.16361379623413086,0.7954296469688416,-0.058139584958553314,-0.1682867854833603,-0.044760365039110184,-0.019362447783350945,0.0,0.0,False,False
144,2,Moteur principal,0.007153214235214034,40.84949476045527,-0.16435518860816956,0.7918059825897217,-0.0723431408405304,-0.16110999882221222,-0.0465274415910244,-0.03534172475337982,0.0,0.0,False,False
145,1,Orientation gauche,-2.4557705406938184,38.39372421976145,-0.16517190635204315,0.7875773906707764,-0.08179792016744614,-0.1879286915063858,-0.04640582948923111,0.002432317938655615,0.0,0.0,False,False
146,2,Moteur principal,4.220548859502938,42.61427307926439,-0.16591492295265198,0.7843149900436401,-0.07454308122396469,-0.1449907422065735,-0.046167705208063126,0.004762736149132252,0.0,0.0,False,False
147,1,Orientation gauche,-2.2778736203903933,40.336399458874,-0.16673079133033752,0.7804457545280457,-0.083672434091568,-0.17190247774124146,-0.044107526540756226,0.04120321571826935,0.0,0.0,False,False
148,3,Orientation droite,-1.6714536882314224,38.664945770642575,-0.16747026145458221,0.775977373123169,-0.07408881187438965,-0.19858457148075104,-0.04396500438451767,0.0028506286907941103,0.0,0.0,False,False
149,2,Moteur principal,1.4101375409925907,40.07508331163517,-0.16822977364063263,0.7718466520309448,-0.07587096095085144,-0.18359297513961792,-0.04404226690530777,-0.0015453489031642675,0.0,0.0,False,False
150,2,Moteur principal,2.1167371462883695,42.19182045792354,-0.16895008087158203,0.7681871056556702,-0.07199116051197052,-0.16264335811138153,-0.04408414661884308,-0.0008373198215849698,0.0,0.0,False,False
151,2,Moteur principal,0.544950895994259,42.7367713539178,-0.16979818046092987,0.76481693983078,-0.0840430036187172,-0.14980465173721313,-0.04483715444803238,-0.015060454607009888,0.0,0.0,False,False
152,1,Orientation gauche,-2.3253869244609846,40.41138442945682,-0.1707298308610916,0.7608571648597717,-0.09454186260700226,-0.175949826836586,-0.04348088800907135,0.027125423774123192,0.0,0.0,False,False
153,2,Moteur principal,3.470586934250986,43.881971363707805,-0.1715172827243805,0.757567286491394,-0.08061408251523972,-0.1461680382490158,-0.04162803292274475,0.03705732151865959,0.0,0.0,False,False
154,3,Orientation droite,-1.6720442081750366,42.20992715553277,-0.1722375899553299,0.7536823153495789,-0.07219931483268738,-0.17265740036964417,-0.04145606607198715,0.0034392892848700285,0.0,0.0,False,False
155,2,Moteur principal,3.1937431428768095,45.40367029840958,-0.17295590043067932,0.7505903840065002,-0.07184098660945892,-0.1374170035123825,-0.04145365208387375,4.828743476537056e-05,0.0,0.0,False,False
156,3,Orientation droite,-1.9793140732400463,43.42435622516953,-0.17359991371631622,0.7468861937522888,-0.06250224262475967,-0.16468225419521332,-0.043329257518053055,-0.03751213103532791,0.0,0.0,False,False
157,1,Orientation gauche,-2.4725425627534166,40.951813662416114,-0.17431898415088654,0.7425762414932251,-0.0719107910990715,-0.1915532797574997,-0.04332582280039787,6.890155782457441e-05,0.0,0.0,False,False
158,2,Moteur principal,0.7189690282968939,41.67078269071301,-0.1751416176557541,0.7385287284851074,-0.08166545629501343,-0.17990928888320923,-0.04391621798276901,-0.011807878501713276,0.0,0.0,False,False
159,2,Moteur principal,3.322082321707808,44.99286501242082,-0.17585639655590057,0.7352009415626526,-0.07121061533689499,-0.14790675044059753,-0.04418735206127167,-0.0054226163774728775,0.0,0.0,False,False
160,1,Orientation gauche,-2.2779914395946848,42.714873572826136,-0.17664718627929688,0.7312827706336975,-0.08073647320270538,-0.17409411072731018,-0.04254463315010071,0.032854415476322174,0.0,0.0,False,False
161,2,Moteur principal,3.800311441296654,46.51518501412279,-0.1772753745317459,0.7280892729759216,-0.06506754457950592,-0.1418662816286087,-0.04032459482550621,0.044400736689567566,0.0,0.0,False,False
162,3,Orientation droite,-1.8146181212039056,44.700566892918886,-0.17781075835227966,0.7242838740348816,-0.05341257527470589,-0.16913728415966034,-0.0404459610581398,-0.0024275132454931736,0.0,0.0,False,False
163,2,Moteur principal,2.2412968404438773,46.941863733362766,-0.17823095619678497,0.7209190130233765,-0.042301781475543976,-0.14953728020191193,-0.040164828300476074,0.005622676108032465,0.0,0.0,False,False
164,3,Orientation droite,-2.243572761026512,44.69829097233625,-0.17858639359474182,0.7169444561004639,-0.034167252480983734,-0.17668582499027252,-0.041518762707710266,-0.027078887447714806,0.0,0.0,False,False
165,2,Moteur principal,1.3212737136701207,46.019564686006376,-0.1790362298488617,0.713357150554657,-0.04304328188300133,-0.15949441492557526,-0.0434357151389122,-0.038338951766490936,0.0,0.0,False,False
166,1,Orientation gauche,-2.460910207783043,43.55865447822333,-0.17956724762916565,0.7091698050498962,-0.05322030931711197,-0.18609999120235443,-0.043315496295690536,0.0024043519515544176,0.0,0.0,False,False
167,2,Moteur principal,1.18547685527042,44.744131333493755,-0.1801871359348297,0.7053197026252747,-0.06156737357378006,-0.17113009095191956,-0.04373135045170784,-0.008317044004797935,0.0,0.0,False,False
168,2,Moteur principal,1.1700799265176556,45.91421126001141,-0.18082161247730255,0.7017697691917419,-0.06283439695835114,-0.15779322385787964,-0.04433603584766388,-0.012093855068087578,0.0,0.0,False,False
169,2,Moteur principal,2.8412797703559507,48.75549103036737,-0.1814766824245453,0.6989736557006836,-0.0646146833896637,-0.12429700791835785,-0.04522128030657768,-0.017704736441373825,0.0,0.0,False,False
170,1,Orientation gauche,-2.357365928459926,46.39812510190744,-0.18219289183616638,0.6955830454826355,-0.07227830588817596,-0.15067629516124725,-0.04456840828061104,0.013057271018624306,0.0,0.0,False,False
171,3,Orientation droite,-1.8685607990937558,44.52956430281368,-0.18282508850097656,0.6915947794914246,-0.06175179034471512,-0.17729845643043518,-0.04602076858282089,-0.029047122225165367,0.0,0.0,False,False
172,2,Moteur principal,2.2359231665674715,46.765487469381156,-0.18334445357322693,0.6880738735198975,-0.05084504559636116,-0.15652136504650116,-0.04710332676768303,-0.02165118232369423,0.0,0.0,False,False
173,1,Orientation gauche,-2.350700381899769,44.414787087481386,-0.1839286834001541,0.6839587092399597,-0.058989375829696655,-0.18287746608257294,-0.04655114561319351,0.011043773032724857,0.0,0.0,False,False
174,2,Moteur principal,1.690487442338761,46.10527452982015,-0.18435116112232208,0.6800960898399353,-0.043440088629722595,-0.1716357320547104,-0.04537360370159149,0.023550715297460556,0.0,0.0,False,False
175,2,Moteur principal,0.921184339723436,47.02645886954359,-0.184916689991951,0.6765270829200745,-0.056943636387586594,-0.15861055254936218,-0.044981908053159714,0.007834021933376789,0.0,0.0,False,False
176,2,Moteur principal,2.431342368647134,49.457801238190726,-0.1854889839887619,0.673552930355072,-0.05743236467242241,-0.13218213617801666,-0.04478783532977104,0.0038815413136035204,0.0,0.0,False,False
177,0,Ne rien faire,-2.1305888034685267,47.3272124347222,-0.18606138229370117,0.6699786186218262,-0.05743236467242241,-0.15884877741336823,-0.04459375515580177,0.0038815431762486696,0.0,0.0,False,False
178,2,Moteur principal,1.570300845173375,48.89751327989558,-0.18652963638305664,0.6666858792304993,-0.047384243458509445,-0.14632873237133026,-0.0440397709608078,0.011079641059041023,0.0,0.0,False,False
179,3,Orientation droite,-2.174295978949415,46.72321730094616,-0.1869318038225174,0.6627842783927917,-0.03909533843398094,-0.17343638837337494,-0.045151516795158386,-0.022234845906496048,0.0,0.0,False,False
180,2,Moteur principal,1.8341742014299143,48.55739150237608,-0.18724241852760315,0.659274697303772,-0.030231069773435593,-0.15600977838039398,-0.045978471636772156,-0.01653895154595375,0.0,0.0,False,False
181,1,Orientation gauche,-2.340052880619267,46.21733862175681,-0.18763990700244904,0.6551644206047058,-0.041115205734968185,-0.18263640999794006,-0.04462733864784241,0.027022669091820717,0.0,0.0,False,False
182,2,Moteur principal,0.601546606007912,46.818885227764724,-0.1881297081708908,0.6512094736099243,-0.049808427691459656,-0.1757562905550003,-0.04380670562386513,0.01641266606748104,0.0,0.0,False,False
183,2,Moteur principal,2.064200735299562,48.88308596306429,-0.18850335478782654,0.6476317644119263,-0.0386073999106884,-0.15897203981876373,-0.04258161410689354,0.02450205199420452,0.0,0.0,False,False
184,2,Moteur principal,3.0843201011295465,51.96740606419384,-0.18873576819896698,0.6446625590324402,-0.024980073794722557,-0.1319095939397812,-0.04086238145828247,0.03438476845622063,0.0,0.0,False,False
185,3,Orientation droite,-2.28909070849805,49.67831535569579,-0.18888120353221893,0.6410821676254272,-0.01406801026314497,-0.15914565324783325,-0.04133543372154236,-0.00946100614964962,0.0,0.0,False,False
186,2,Moteur principal,0.40066539483275393,50.078980750528544,-0.18914394080638885,0.6376444697380066,-0.025151316076517105,-0.15281596779823303,-0.04244524613022804,-0.022196419537067413,0.0,0.0,False,False
187,1,Orientation gauche,-2.378684943310786,47.700295807217756,-0.18948069214820862,0.6336028575897217,-0.03443819284439087,-0.17961059510707855,-0.041698988527059555,0.014925060793757439,0.0,0.0,False,False
188,2,Moteur principal,2.3386626753935618,50.03895848261132,-0.18996210396289825,0.6301795244216919,-0.04805278405547142,-0.1521499752998352,-0.04177726060152054,-0.0015656506875529885,0.0,0.0,False,False
189,2,Moteur principal,3.5540083512374823,53.592966833848806,-0.19031906127929688,0.6275146007537842,-0.03601696342229843,-0.11843124032020569,-0.04145565629005432,0.006431995425373316,0.0,0.0,False,False
190,0,Ne rien faire,-2.2373368403502383,51.35562999349857,-0.19067592918872833,0.6242497563362122,-0.03601696342229843,-0.14509794116020203,-0.041134051978588104,0.006431990303099155,0.0,0.0,False,False
191,3,Orientation droite,-2.26490907131179,49.090720922186776,-0.19094696640968323,0.6203856468200684,-0.025243312120437622,-0.17178599536418915,-0.042968522757291794,-0.036689527332782745,0.0,0.0,False,False
192,2,Moteur principal,0.687168179361646,49.777889101548425,-0.19115686416625977,0.6166866421699524,-0.01931488886475563,-0.1644475758075714,-0.04462195560336113,-0.03306860476732254,0.0,0.0,False,False
193,1,Orientation gauche,-2.356363499881921,47.4215256016665,-0.19144192337989807,0.6123902201652527,-0.028742417693138123,-0.19094353914260864,-0.04438639059662819,0.004711217246949673,0.0,0.0,False,False
194,2,Moteur principal,2.3508253904130045,49.77235099207951,-0.19163627922534943,0.6085760593414307,-0.019952937960624695,-0.16950340569019318,-0.043880172073841095,0.01012426521629095,0.0,0.0,False,False
195,2,Moteur principal,-0.05446198281342446,49.71788900926609,-0.19169530272483826,0.6046866774559021,-0.006982976105064154,-0.17282873392105103,-0.04281969740986824,0.02120974101126194,0.0,0.0,False,False
196,2,Moteur principal,1.6048898539485463,51.32277886321464,-0.19154644012451172,0.6011137366294861,0.012968448922038078,-0.1587429940700531,-0.04091886430978775,0.038016580045223236,0.0,0.0,False,False
197,3,Orientation droite,-2.4329377988244816,48.889841064390154,-0.19131365418434143,0.5969363451004028,0.023480314761400223,-0.18566586077213287,-0.04112538695335388,-0.004130500368773937,0.0,0.0,False,False
198,2,Moteur principal,3.5403928428935645,52.43023390728372,-0.19095411896705627,0.5936071872711182,0.03576749190688133,-0.1479550451040268,-0.04092885181307793,0.0039306930266320705,0.0,0.0,False,False
199,1,Orientation gauche,-1.8129787497632452,50.617255157520475,-0.19066782295703888,0.5896931886672974,0.02653692103922367,-0.17390137910842896,-0.038874123245477676,0.04109442979097366,0.0,0.0,False,False
200,2,Moteur principal,1.6718136862818056,52.28906884380228,-0.19052104651927948,0.5860828757286072,0.013365702703595161,-0.1604224145412445,-0.03757181763648987,0.02604622207581997,0.0,0.0,False,False
201,2,Moteur principal,0.053003909952065,52.34207275375435,-0.1903698891401291,0.5824458003044128,0.013850356452167034,-0.16161678731441498,-0.03631569445133209,0.025122130289673805,0.0,0.0,False,False
202,2,Moteur principal,0.43171544995342687,52.77378820370778,-0.19030675292015076,0.5788681507110596,0.0055305021815001965,-0.158990278840065,-0.03554059937596321,0.015502037480473518,0.0,0.0,False,False
203,2,Moteur principal,-0.19299267092734168,52.58079553278044,-0.1902848184108734,0.5752227902412415,0.0016562326345592737,-0.16200266778469086,-0.035014666616916656,0.010519040748476982,0.0,0.0,False,False
204,2,Moteur principal,3.0789681680221834,55.65976370080263,-0.19014644622802734,0.5722665190696716,0.012900521978735924,-0.13136427104473114,-0.034089505672454834,0.018503200262784958,0.0,0.0,False,False
205,0,Ne rien faire,-2.2217705381920183,53.43799316261061,-0.19000796973705292,0.5687103867530823,0.012900518253445625,-0.15803100168704987,-0.033164337277412415,0.01850319094955921,0.0,0.0,False,False
206,2,Moteur principal,3.505483464130859,56.94347662674147,-0.1898970603942871,0.565933883190155,0.010434446856379509,-0.12338688224554062,-0.03250691667199135,0.013148516416549683,0.0,0.0,False,False
207,0,Ne rien faire,-2.269552089434953,54.67392453730652,-0.18978604674339294,0.5625572800636292,0.010434445925056934,-0.15005357563495636,-0.03184949606657028,0.013148526661098003,0.0,0.0,False,False
208,3,Orientation droite,-2.46865690273131,52.20526763457521,-0.18960551917552948,0.5585865378379822,0.01914896070957184,-0.17650164663791656,-0.03293374180793762,-0.02168489247560501,0.0,0.0,False,False
209,2,Moteur principal,3.691955045510409,55.89722268008562,-0.18925122916698456,0.5555377006530762,0.0358724370598793,-0.1355155110359192,-0.03336908295750618,-0.008706801570951939,0.0,0.0,False,False
210,1,Orientation gauche,-1.8040478795617776,54.09317480052384,-0.1889922171831131,0.5518994331359863,0.02391132339835167,-0.16165676712989807,-0.03140372782945633,0.039307184517383575,0.0,0.0,False,False
211,3,Orientation droite,-2.433696463369911,51.65947833715393,-0.18865089118480682,0.5476609468460083,0.03424954041838646,-0.18837924301624298,-0.03150838240981102,-0.002093097660690546,0.0,0.0,False,False
212,2,Moteur principal,2.001706470357246,53.66118480751118,-0.1883629858493805,0.5438546538352966,0.02925245091319084,-0.16917936503887177,-0.03196073696017265,-0.009047244675457478,0.0,0.0,False,False
213,2,Moteur principal,0.6591683426873061,54.320353150198486,-0.1879541426897049,0.5402421355247498,0.040856488049030304,-0.16055642068386078,-0.031932394951581955,0.0005668174708262086,0.0,0.0,False,False
214,2,Moteur principal,0.3704971170873222,54.69085026728581,-0.18757085502147675,0.5366948246955872,0.038476742804050446,-0.15766093134880066,-0.0320882648229599,-0.0031173434108495712,0.0,0.0,False,False
215,2,Moteur principal,0.008006051997764996,54.69885631928358,-0.1872778832912445,0.5331115126609802,0.029937773942947388,-0.15926870703697205,-0.03271689638495445,-0.012572964653372765,0.0,0.0,False,False
216,2,Moteur principal,3.535065769499764,58.233922088783345,-0.1868375837802887,0.5304499268531799,0.04413638263940811,-0.1182977482676506,-0.032818011939525604,-0.0020221539307385683,0.0,0.0,False,False
217,0,Ne rien faire,-2.215016546650318,56.01890554213303,-0.18639716506004333,0.527188241481781,0.04413638263940811,-0.14496441185474396,-0.03291912004351616,-0.002022156957536936,0.0,0.0,False,False
218,1,Orientation gauche,-1.6843004005339128,54.33460514159911,-0.186048224568367,0.5233412384986877,0.03266796097159386,-0.17092935740947723,-0.030715983361005783,0.04406261071562767,0.0,0.0,False,False
219,2,Moteur principal,3.0851888801389835,57.4197940217381,-0.1855638474225998,0.5202206969261169,0.04570288211107254,-0.13863816857337952,-0.028012411668896675,0.054071176797151566,0.0,0.0,False,False
220,3,Orientation droite,-2.3948134545166213,55.024980567221476,-0.1850079596042633,0.5164982080459595,0.05466971918940544,-0.16542521119117737,-0.027105173096060753,0.018144948408007622,0.0,0.0,False,False
221,2,Moteur principal,1.4583796059446115,56.48336017316609,-0.18460111320018768,0.5130107402801514,0.040528301149606705,-0.15499767661094666,-0.02695726417005062,0.0029580448754131794,0.0,0.0,False,False
222,2,Moteur principal,0.16581467301525948,56.64917484618135,-0.18429097533226013,0.5095129609107971,0.031364213675260544,-0.15546566247940063,-0.027305420488119125,-0.006963036954402924,0.0,0.0,False,False
223,2,Moteur principal,2.8405322498196286,59.489707096000984,-0.18391075730323792,0.5067211985588074,0.0381602980196476,-0.12407732754945755,-0.027439335361123085,-0.0026784318033605814,0.0,0.0,False,False
224,0,Ne rien faire,-2.2502787956119903,57.239428300388994,-0.18353061378002167,0.5033295750617981,0.0381602980196476,-0.1507439911365509,-0.02757323905825615,-0.002678441349416971,0.0,0.0,False,False
225,0,Ne rien faire,-2.2223703966597554,55.01705790372924,-0.18315038084983826,0.4993378520011902,0.0381602980196476,-0.17741066217422485,-0.02770715206861496,-0.0026784278452396393,0.0,0.0,False,False
226,2,Moteur principal,-0.16721393854202232,54.84984396518722,-0.18257617950439453,0.49538105726242065,0.05670812726020813,-0.17584343254566193,-0.026998240500688553,0.014178035780787468,0.0,0.0,False,False
227,2,Moteur principal,1.1588885771207884,56.00873254230801,-0.18205499649047852,0.4916366934776306,0.051715828478336334,-0.16641025245189667,-0.02660256251692772,0.007913474924862385,0.0,0.0,False,False
228,2,Moteur principal,3.7565830105270637,59.76531555283508,-0.18165092170238495,0.4887092113494873,0.0406636968255043,-0.13011151552200317,-0.0268651582300663,-0.005251741968095303,0.0,0.0,False,False
229,0,Ne rien faire,-2.2464228171062643,57.51889273572881,-0.18124695122241974,0.48518186807632446,0.040663693100214005,-0.15677817165851593,-0.027127746492624283,-0.005251726601272821,0.0,0.0,False,False
230,2,Moteur principal,2.2060580737771405,59.724950809505955,-0.1806904822587967,0.48228415846824646,0.05530435964465141,-0.1287810206413269,-0.02678806334733963,0.006793603301048279,0.0,0.0,False,False
231,0,Ne rien faire,-2.102881068891463,57.62206974061449,-0.18013401329517365,0.4787864089012146,0.05530435964465141,-0.15544767677783966,-0.026448380202054977,0.006793618202209473,0.0,0.0,False,False
232,0,Ne rien faire,-2.096396010167169,55.52567373044732,-0.1795775443315506,0.47468870878219604,0.05530436709523201,-0.1821143478155136,-0.026108693331480026,0.006793628446757793,0.0,0.0,False,False
233,2,Moteur principal,1.3626525716536235,56.88832630210095,-0.17915506660938263,0.47082066535949707,0.0426022969186306,-0.1719198375940323,-0.026455404236912727,-0.006934225559234619,0.0,0.0,False,False
234,2,Moteur principal,2.8962986077858064,59.78462490988676,-0.17858371138572693,0.4677349925041199,0.05690585821866989,-0.13713407516479492,-0.026226617395877838,0.004575834143906832,0.0,0.0,False,False
235,0,Ne rien faire,-2.1056575488508145,57.678967361035944,-0.17801228165626526,0.46404942870140076,0.05690586566925049,-0.16380074620246887,-0.02599783055484295,0.004575822968035936,0.0,0.0,False,False
236,2,Moteur principal,3.819054614914518,61.498021975950465,-0.17752590775489807,0.4612247943878174,0.04892735183238983,-0.12554632127285004,-0.026279112324118614,-0.005625896155834198,0.0,0.0,False,False
237,0,Ne rien faire,-2.205107347768319,59.292914628182146,-0.17703953385353088,0.45780009031295776,0.04892735555768013,-0.15221302211284637,-0.02656039595603943,-0.005625870078802109,0.0,0.0,False,False
238,0,Ne rien faire,-2.1920096383126264,57.10090498986952,-0.1765531599521637,0.45377540588378906,0.04892735183238983,-0.17887967824935913,-0.02684169076383114,-0.005625869147479534,0.0,0.0,False,False
239,2,Moteur principal,2.4226657331800228,59.523570723049545,-0.1761590987443924,0.4502720832824707,0.040213290601968765,-0.1557205468416214,-0.02764320932328701,-0.01603030599653721,0.0,0.0,False,False
240,2,Moteur principal,1.4672524230150088,60.99082314606456,-0.1758907288312912,0.4470783472061157,0.028315898030996323,-0.1419713795185089,-0.029103314504027367,-0.029202323406934738,0.0,0.0,False,False
241,1,Orientation gauche,-2.0602928543351156,58.93053029172944,-0.1757057160139084,0.4432900547981262,0.017853591591119766,-0.168355330824852,-0.028465965762734413,0.012746864929795265,0.0,0.0,False,False
242,2,Moteur principal,3.870627230512196,62.80115752224164,-0.17536573112010956,0.4404217302799225,0.03277185559272766,-0.1274595707654953,-0.02724500373005867,0.02441932074725628,0.0,0.0,False,False
243,0,Ne rien faire,-2.1398654844559672,60.66129203778567,-0.17502565681934357,0.4369533956050873,0.032771848142147064,-0.1541263610124588,-0.026024026796221733,0.02441931702196598,0.0,0.0,False,False
244,2,Moteur principal,0.05961768396182948,60.7209097217475,-0.17474918067455292,0.4334444999694824,0.02675585076212883,-0.15593795478343964,-0.025142066180706024,0.017639324069023132,0.0,0.0,False,False
245,2,Moteur principal,3.217925877923844,63.93883559967135,-0.17433443665504456,0.4307292401790619,0.04003797471523285,-0.12065357714891434,-0.02372918650507927,0.02825748920440674,0.0,0.0,False,False
246,0,Ne rien faire,-2.09001773434926,61.84881786532209,-0.17391976714134216,0.42741402983665466,0.04003797098994255,-0.14732040464878082,-0.022316304966807365,0.02825748920440674,0.0,0.0,False,False
247,3,Orientation droite,-2.6685785883008735,59.180239277021215,-0.17341375350952148,0.4234870672225952,0.05150526762008667,-0.1745486557483673,-0.02320411242544651,-0.01775604858994484,0.0,0.0,False,False
248,2,Moteur principal,2.5267326511234076,61.706971928144625,-0.172947496175766,0.4201502501964569,0.047796580940485,-0.1483171582221985,-0.024361323565244675,-0.02314414456486702,0.0,0.0,False,False
249,1,Orientation gauche,-1.869540077941308,59.837431850203316,-0.1725553572177887,0.41622334718704224,0.03848663717508316,-0.1745205968618393,-0.023650355637073517,0.014219513162970543,0.0,0.0,False,False
250,2,Moteur principal,2.626970517138827,62.464402367342146,-0.1722906082868576,0.41283926367759705,0.02643510140478611,-0.1504037082195282,-0.02361164055764675,0.0007744288304820657,0.0,0.0,False,False
251,2,Moteur principal,0.41398477634453884,62.87838714368669,-0.1720060408115387,0.4095528721809387,0.02838263288140297,-0.1460583508014679,-0.02353178709745407,0.0015970835229381919,0.0,0.0,False,False
252,0,Ne rien faire,-2.2479431765597297,60.63044396712696,-0.17172136902809143,0.4056665301322937,0.02838263474404812,-0.17272500693798065,-0.02345193363726139,0.0015970757231116295,0.0,0.0,False,False
253,2,Moteur principal,2.3673357095981133,62.997779676725074,-0.1712866723537445,0.40237849950790405,0.042770035564899445,-0.1461205631494522,-0.022765066474676132,0.013737449422478676,0.0,0.0,False,False
254,0,Ne rien faire,-2.13176376505524,60.866015911669834,-0.17085199058055878,0.3984905779361725,0.04277003929018974,-0.17278726398944855,-0.022078199312090874,0.013737442903220654,0.0,0.0,False,False
255,2,Moteur principal,3.620885920864521,64.48690183253436,-0.17024441063404083,0.3955603837966919,0.05936428904533386,-0.13021208345890045,-0.020697541534900665,0.027612973004579544,0.0,0.0,False,False
256,0,Ne rien faire,-1.976662262494969,62.51023957003939,-0.16963672637939453,0.39203017950057983,0.05936429649591446,-0.15687890350818634,-0.0193169042468071,0.027612948790192604,0.0,0.0,False,False
257,2,Moteur principal,0.41994017485664586,62.93017974489604,-0.16902732849121094,0.3885602653026581,0.059580374509096146,-0.15420132875442505,-0.01796708069741726,0.026996323838829994,0.0,0.0,False,False
258,3,Orientation droite,-2.5480779203636303,60.382101824532405,-0.16834430396556854,0.38447901606559753,0.06880321353673935,-0.1813952624797821,-0.018467571586370468,-0.010009866207838058,0.0,0.0,False,False
259,2,Moteur principal,0.6408377185867564,61.022939543119165,-0.16783352196216583,0.38043659925460815,0.05242225527763367,-0.17967869341373444,-0.019801165908575058,-0.02667183056473732,0.0,0.0,False,False
260,2,Moteur principal,0.044774266412756,61.067713809531924,-0.16717319190502167,0.37650877237319946,0.06672714650630951,-0.17457808554172516,-0.02048647776246071,-0.013706142082810402,0.0,0.0,False,False
261,2,Moteur principal,3.1780316230876027,64.24574543261953,-0.16644659638404846,0.37344062328338623,0.07313348352909088,-0.13637009263038635,-0.020957810804247856,-0.009426744654774666,0.0,0.0,False,False
262,0,Ne rien faire,-2.0771485502994693,62.16859688232006,-0.16571998596191406,0.36977243423461914,0.07313348352909088,-0.1630367785692215,-0.02142915315926075,-0.009426778182387352,0.0,0.0,False,False
263,2,Moteur principal,1.7846466633042481,63.95324354562431,-0.16508635878562927,0.36647307872772217,0.06434054672718048,-0.146652489900589,-0.022394396364688873,-0.019304657354950905,0.0,0.0,False,False
264,1,Orientation gauche,-1.748719776241663,62.20452376938265,-0.16452960669994354,0.36256515979766846,0.054705191403627396,-0.17367200553417206,-0.02143349125981331,0.019218070432543755,0.0,0.0,False,False
265,2,Moteur principal,1.9705265988477876,64.17505036823043,-0.16406592726707458,0.35904014110565186,0.04589500278234482,-0.15665988624095917,-0.020968327298760414,0.0093032605946064,0.0,0.0,False,False
266,2,Moteur principal,-0.17458079443757696,64.00046957379286,-0.16360139846801758,0.3554542064666748,0.04601519554853439,-0.1593673825263977,-0.020533950999379158,0.008687488734722137,0.0,0.0,False,False
267,2,Moteur principal,1.6111228769583448,65.6115924507512,-0.16321039199829102,0.352197527885437,0.03906256705522537,-0.14474375545978546,-0.02049872651696205,0.0007043491350486875,0.0,0.0,False,False
268,0,Ne rien faire,-2.2186216876660794,63.392970763085124,-0.16281947493553162,0.348340779542923,0.03906257078051567,-0.1714104562997818,-0.02046351321041584,0.0007043489604257047,0.0,0.0,False,False
269,2,Moteur principal,2.5200228403634855,65.91299360344861,-0.1625661849975586,0.3450160026550293,0.02600802481174469,-0.14777785539627075,-0.021136775612831116,-0.013465290889143944,0.0,0.0,False,False
270,2,Moteur principal,2.565839870890618,68.47883347433923,-0.1624765396118164,0.34227254986763,0.01048989873379469,-0.12195158004760742,-0.02264389768242836,-0.030142370611429214,0.0,0.0,False,False
271,0,Ne rien faire,-2.5037034935870537,65.97512998075217,-0.16238689422607422,0.3389291763305664,0.010489893145859241,-0.1486184448003769,-0.024151019752025604,-0.030142346397042274,0.0,0.0,False,False
272,2,Moteur principal,1.804662821554001,67.77979280230618,-0.16240397095680237,0.3360397517681122,0.000396684103179723,-0.1284579485654831,-0.02623027190566063,-0.04158490523695946,0.0,0.0,False,False
273,1,Orientation gauche,-2.411103797309407,65.36868900499677,-0.16251125931739807,0.3325483798980713,-0.010921390727162361,-0.15516521036624908,-0.0260440856218338,0.0037235692143440247,0.0,0.0,False,False
274,2,Moteur principal,2.2366101428094938,67.60529914780626,-0.16265134513378143,0.32957854866981506,-0.013952299952507019,-0.13199613988399506,-0.026099538430571556,-0.0011089765466749668,0.0,0.0,False,False
275,0,Ne rien faire,-2.346373050522793,65.25892609728348,-0.162791445851326,0.3260086476802826,-0.013952299952507019,-0.1586627960205078,-0.026154987514019012,-0.001108965603634715,0.0,0.0,False,False
276,2,Moteur principal,2.868384450361387,68.12731054764487,-0.1629715859889984,0.32311657071113586,-0.01766490377485752,-0.12854331731796265,-0.02649880386888981,-0.006876189261674881,0.0,0.0,False,False
277,0,Ne rien faire,-2.37716975176577,65.7501407958791,-0.16315165162086487,0.31962448358535767,-0.01766490377485752,-0.1552099883556366,-0.026842612773180008,-0.006876195780932903,0.0,0.0,False,False
278,2,Moteur principal,3.3558652768002846,69.10600607267939,-0.1633942574262619,0.31695014238357544,-0.023495113477110863,-0.11887259781360626,-0.027592496946454048,-0.014997744932770729,0.0,0.0,False,False
279,0,Ne rien faire,-2.420613720810408,66.68539235186898,-0.16363677382469177,0.3136758506298065,-0.023495115339756012,-0.1455392837524414,-0.02834237553179264,-0.01499773096293211,0.0,0.0,False,False
280,2,Moteur principal,-0.23392878325338556,66.4514635686156,-0.16374483704566956,0.3103204369544983,-0.010623851791024208,-0.14913290739059448,-0.028515469282865524,-0.003461937652900815,0.0,0.0,False,False
281,2,Moteur principal,0.1735508430535873,66.62501441166918,-0.1638120710849762,0.30700206756591797,-0.006689447909593582,-0.14748236536979675,-0.028556549921631813,-0.0008215003763325512,0.0,0.0,False,False
282,2,Moteur principal,1.6073343761663892,68.23234878783558,-0.1638321876525879,0.30404937267303467,-0.002105879131704569,-0.1312284767627716,-0.028464550152420998,0.0018398755928501487,0.0,0.0,False,False
283,0,Ne rien faire,-2.3458095827965835,65.88653920503899,-0.16385240852832794,0.3004966974258423,-0.002105879131704569,-0.15789513289928436,-0.02837255597114563,0.001839874079450965,0.0,0.0,False,False
284,2,Moteur principal,0.43637586258955424,66.32291506762854,-0.16399231553077698,0.2970687448978424,-0.013468901626765728,-0.15236346423625946,-0.028898390009999275,-0.01051685493439436,0.0,0.0,False,False
285,2,Moteur principal,0.7310340383104659,67.05394910593901,-0.1640821397304535,0.2938101291656494,-0.008610324934124947,-0.14483477175235748,-0.02926052175462246,-0.0072426521219313145,0.0,0.0,False,False
286,2,Moteur principal,0.6143596925198878,67.6683087984589,-0.1642397940158844,0.29072821140289307,-0.015011131763458252,-0.1369905322790146,-0.030006729066371918,-0.014924031682312489,0.0,0.0,False,False
287,2,Moteur principal,1.3741647666386825,69.04247356509758,-0.16442394256591797,0.28800296783447266,-0.017443111166357994,-0.1211412325501442,-0.030963832512497902,-0.01914229616522789,0.0,0.0,False,False
288,0,Ne rien faire,-2.4608739556812864,66.58159960941629,-0.16460800170898438,0.28467780351638794,-0.017443114891648293,-0.1478080004453659,-0.03192095085978508,-0.01914229802787304,0.0,0.0,False,False
289,2,Moteur principal,3.314164654555836,69.89576426397213,-0.16462354362010956,0.28209951519966125,-0.0012380026746541262,-0.11459673196077347,-0.03223119676113129,-0.006205070298165083,0.0,0.0,False,False
290,0,Ne rien faire,-2.4242431390530967,67.47152112491904,-0.16463908553123474,0.2789212167263031,-0.001238002791069448,-0.14126339554786682,-0.03254145011305809,-0.006205080077052116,0.0,0.0,False,False
291,2,Moteur principal,2.1510308679039385,69.62255199282298,-0.164618581533432,0.276248574256897,0.002309831092134118,-0.1187906339764595,-0.032796069979667664,-0.0050925808027386665,0.0,0.0,False,False
292,0,Ne rien faire,-2.409958484885003,67.21259350793798,-0.16459807753562927,0.2729758620262146,0.0023098306264728308,-0.14545728266239166,-0.03305070847272873,-0.005092591512948275,0.0,0.0,False,False
293,2,Moteur principal,-0.2473398908346766,66.9652536171033,-0.16450777649879456,0.2696554958820343,0.009026124142110348,-0.1475711315870285,-0.03303864970803261,0.00024086683697532862,0.0,0.0,False,False
294,2,Moteur principal,2.137751482714738,69.10300509981803,-0.1642124205827713,0.26687514781951904,0.028672894462943077,-0.12355408072471619,-0.03219563141465187,0.016860660165548325,0.0,0.0,False,False
295,0,Ne rien faire,-2.222223156626292,66.88078194319175,-0.1639171540737152,0.2634947896003723,0.028672900050878525,-0.1502208113670349,-0.031352605670690536,0.01686066947877407,0.0,0.0,False,False
296,2,Moteur principal,1.7728809365610843,68.65366287975283,-0.16367892920970917,0.260494589805603,0.023337814956903458,-0.13333187997341156,-0.03086782805621624,0.009695406071841717,0.0,0.0,False,False
297,0,Ne rien faire,-2.267757157196897,66.38590572255593,-0.16344061493873596,0.2568943500518799,0.02333781309425831,-0.1599985957145691,-0.030383046716451645,0.009695441462099552,0.0,0.0,False,False
298,2,Moteur principal,0.6702944237356945,67.05620014629163,-0.1630764901638031,0.2534741163253784,0.03541138768196106,-0.15198904275894165,-0.029389336705207825,0.019874200224876404,0.0,0.0,False,False
299,2,Moteur principal,0.9509277062357924,68.00712785252742,-0.16256694495677948,0.2503328025341034,0.04934065043926239,-0.13958726823329926,-0.02780355140566826,0.03171549737453461,0.0,0.0,False,False
300,0,Ne rien faire,-2.0373577190244774,65.96977013350295,-0.16205748915672302,0.24659135937690735,0.049340639263391495,-0.16625414788722992,-0.026217777281999588,0.03171553835272789,0.0,0.0,False,False
301,2,Moteur principal,3.1044985479900022,69.07426868149295,-0.16140909492969513,0.2436666041612625,0.06269554048776627,-0.12995503842830658,-0.024104364216327667,0.04226814955472946,0.0,0.0,False,False
302,0,Ne rien faire,-1.9009940329686685,67.17327464852428,-0.1607607901096344,0.24014189839363098,0.06269552558660507,-0.15662209689617157,-0.021990953013300896,0.04226811230182648,0.0,0.0,False,False
303,2,Moteur principal,0.42123428077883035,67.59450892930312,-0.16007737815380096,0.23669122159481049,0.0660807192325592,-0.15333318710327148,-0.019761303439736366,0.044592924416065216,0.0,0.0,False,False
304,2,Moteur principal,1.3260142497943874,68.9205231790975,-0.15937337279319763,0.2335330843925476,0.06810241937637329,-0.14033269882202148,-0.017490709200501442,0.045411765575408936,0.0,0.0,False,False
305,3,Orientation droite,-2.42974151097757,66.49078166811994,-0.15860024094581604,0.22976912558078766,0.0767686516046524,-0.1672821193933487,-0.016957279294729233,0.010668677277863026,0.0,0.0,False,False
306,2,Moteur principal,2.484579674266546,68.97536134238648,-0.15796490013599396,0.22648866474628448,0.06369524449110031,-0.14580155909061432,-0.017117777839303017,-0.003209796268492937,0.0,0.0,False,False
307,2,Moteur principal,0.6370962479803068,69.61245759036679,-0.1571888029575348,0.2235143482685089,0.07716555148363113,-0.1321858912706375,-0.016674861311912537,0.00885794311761856,0.0,0.0,False,False
308,0,Ne rien faire,-1.9732876924385678,67.63916989792821,-0.15641269087791443,0.21994000673294067,0.07716554403305054,-0.15885254740715027,-0.01623196341097355,0.00885793287307024,0.0,0.0,False,False
309,2,Moteur principal,0.5408043422869226,68.17997424021513,-0.15572452545166016,0.21640613675117493,0.06881445646286011,-0.1570597141981125,-0.016228001564741135,7.943186938064173e-05,0.0,0.0,False,False
310,2,Moteur principal,1.9587741095883089,70.13874834980344,-0.15508489310741425,0.21331937611103058,0.06423990428447723,-0.13719351589679718,-0.016501089558005333,-0.005462030414491892,0.0,0.0,False,False
311,0,Ne rien faire,-2.143412428220259,67.99533592158318,-0.15444526076316833,0.20963259041309357,0.06423990428447723,-0.16386017203330994,-0.016774198040366173,-0.005462083499878645,0.0,0.0,False,False
312,2,Moteur principal,1.5603819029260506,69.55571782450923,-0.15366306900978088,0.20646895468235016,0.0778857097029686,-0.14060401916503906,-0.016446184366941452,0.006560442503541708,0.0,0.0,False,False
313,0,Ne rien faire,-1.997077882784268,67.55863994172496,-0.15288086235523224,0.2027052789926529,0.07788572460412979,-0.1672707051038742,-0.016118159517645836,0.006560432258993387,0.0,0.0,False,False
314,2,Moteur principal,1.326471117662291,68.88511105938726,-0.1520838737487793,0.19927634298801422,0.07934792339801788,-0.15239360928535461,-0.0157680194824934,0.007002947386354208,0.0,0.0,False,False
315,2,Moteur principal,3.7488059477705606,72.63391700715782,-0.15145301818847656,0.19663991034030914,0.063579261302948,-0.11717797070741653,-0.01625424064695835,-0.009724465198814869,0.0,0.0,False,False
316,0,Ne rien faire,-2.149540752651099,70.48437625450671,-0.15082207322120667,0.19340351223945618,0.063579261302948,-0.1438446342945099,-0.016740459948778152,-0.009724443778395653,0.0,0.0,False,False
317,2,Moteur principal,2.5438797493944394,73.02825600390115,-0.15024451911449432,0.1907808929681778,0.058567535132169724,-0.11656985431909561,-0.017535695806145668,-0.015904847532510757,0.0,0.0,False,False
318,0,Ne rien faire,-2.2203125202640734,70.80794348363708,-0.14966687560081482,0.18755830824375153,0.058567531406879425,-0.14323657751083374,-0.01833093725144863,-0.01590486615896225,0.0,0.0,False,False
319,2,Moteur principal,0.7220527847192002,71.52999626835627,-0.14904841780662537,0.18457525968551636,0.06251522153615952,-0.132588192820549,-0.018984481692314148,-0.013071197085082531,0.0,0.0,False,False
320,0,Ne rien faire,-2.19824375600718,69.33175251234908,-0.14842987060546875,0.18099218606948853,0.06251522153615952,-0.15925487875938416,-0.01963804103434086,-0.01307118684053421,0.0,0.0,False,False
321,2,Moteur principal,3.0005154237635,72.33226793611259,-0.1479654312133789,0.1780519038438797,0.04790071025490761,-0.13070064783096313,-0.021079806610941887,-0.028835073113441467,0.0,0.0,False,False
322,0,Ne rien faire,-2.3724394769624766,69.95982845915012,-0.14750099182128906,0.17451153695583344,0.04790070280432701,-0.15736746788024902,-0.02252156473696232,-0.02883509360253811,0.0,0.0,False,False
323,2,Moteur principal,-0.1285987520850142,69.8312297070651,-0.1468784362077713,0.17107994854450226,0.06303107738494873,-0.15252837538719177,-0.023280883207917213,-0.015186615288257599,0.0,0.0,False,False
324,2,Moteur principal,-0.46637216886611127,69.36485753819899,-0.1461106240749359,0.1676778346300125,0.07691130042076111,-0.1512083262205124,-0.023414265364408493,-0.002667329041287303,0.0,0.0,False,False
325,2,Moteur principal,-0.036584671437775274,69.32827286676121,-0.1453591287136078,0.1642540544271469,0.07540319859981537,-0.15217134356498718,-0.023664670065045357,-0.005008164327591658,0.0,0.0,False,False
326,2,Moteur principal,0.9033811177302666,70.23165398449147,-0.14465627074241638,0.16102252900600433,0.07081685960292816,-0.1436317265033722,-0.024198351427912712,-0.010673509910702705,0.0,0.0,False,False
327,0,Ne rien faire,-2.1518424569063086,68.07981152758516,-0.14395351707935333,0.1571909785270691,0.07081685960292816,-0.17029839754104614,-0.024732032790780067,-0.010673513635993004,0.0,0.0,False,False
328,2,Moteur principal,0.39631653595020283,68.47612806353537,-0.14340248703956604,0.15336020290851593,0.05640147253870964,-0.17027954757213593,-0.026013221591711044,-0.025623749941587448,0.0,0.0,False,False
329,2,Moteur principal,-0.2398006457425083,68.23632741779286,-0.1428672820329666,0.14949089288711548,0.054938703775405884,-0.17199422419071198,-0.02741268277168274,-0.027989108115434647,0.0,0.0,False,False
330,2,Moteur principal,3.1676713091967956,71.40399872698966,-0.14229583740234375,0.1464545577764511,0.05850676819682121,-0.1349731981754303,-0.028766246512532234,-0.027071263641119003,0.0,0.0,False,False
331,1,Orientation gauche,-1.9306731094342726,69.47332561755539,-0.14178867638111115,0.14281783998012543,0.05046002194285393,-0.1616286337375641,-0.028508884832262993,0.005147278308868408,0.0,0.0,False,False
332,2,Moteur principal,3.2669187850293726,72.74024440258476,-0.1411442756652832,0.1400933563709259,0.06366953998804092,-0.1210731491446495,-0.02775033377110958,0.015171056613326073,0.0,0.0,False,False
333,0,Ne rien faire,-2.0533112758797856,70.68693312670499,-0.14049997925758362,0.13676892220973969,0.06366953998804092,-0.14773985743522644,-0.026991773396730423,0.015171060338616371,0.0,0.0,False,False
334,2,Moteur principal,0.798846109127983,71.48577923583296,-0.13993816077709198,0.13356800377368927,0.0558556504547596,-0.14225631952285767,-0.02667556144297123,0.006324438843876123,0.0,0.0,False,False
335,2,Moteur principal,2.947992026461397,74.43377126229436,-0.13932685554027557,0.13116402924060822,0.060701388865709305,-0.10683707892894745,-0.02624492160975933,0.008612812496721745,0.0,0.0,False,False
336,0,Ne rien faire,-2.0851831425376304,72.34858811975673,-0.138715460896492,0.12815995514392853,0.0607013925909996,-0.1335037797689438,-0.025814274325966835,0.008612805046141148,0.0,0.0,False,False
337,0,Ne rien faire,-2.131921974300063,70.21666614545666,-0.13810405135154724,0.12455600500106812,0.0607013925909996,-0.16017046570777893,-0.025383640080690384,0.008612779900431633,0.0,0.0,False,False
338,2,Moteur principal,3.5444066147509234,73.76107276020758,-0.13759450614452362,0.12174597382545471,0.05110707879066467,-0.12489350140094757,-0.025533046573400497,-0.0029880350921303034,0.0,0.0,False,False
339,0,Ne rien faire,-2.252103796333344,71.50896896387424,-0.1370849609375,0.11833585053682327,0.05110707879066467,-0.15156017243862152,-0.025682441890239716,-0.0029880483634769917,0.0,0.0,False,False
340,2,Moteur principal,1.5589280470366205,73.06789701091085,-0.13654308021068573,0.11534379422664642,0.054265011101961136,-0.13298454880714417,-0.025763316079974174,-0.001617432339116931,0.0,0.0,False,False
341,0,Ne rien faire,-2.235666722989599,70.83223028792125,-0.13600130379199982,0.11175163835287094,0.054265011101961136,-0.15965121984481812,-0.025844184681773186,-0.0016174375778064132,0.0,0.0,False,False
342,2,Moteur principal,3.1580300457636428,73.99026033368489,-0.13528919219970703,0.10911419987678528,0.07062176614999771,-0.11720943450927734,-0.025261633098125458,0.011650838889181614,0.0,0.0,False,False
343,0,Ne rien faire,-2.0276223309297947,71.96263800275509,-0.13457708060741425,0.10587674379348755,0.07062177360057831,-0.1438761055469513,-0.024679092690348625,0.01165082585066557,0.0,0.0,False,False
344,2,Moteur principal,0.8124495307678117,72.77508753352289,-0.13376684486865997,0.10295456647872925,0.08005513995885849,-0.1298571676015854,-0.023712031543254852,0.01934109255671501,0.0,0.0,False,False
345,0,Ne rien faire,-1.9516046924590214,70.82348284106388,-0.13295650482177734,0.09943243116140366,0.0800551325082779,-0.1565239131450653,-0.022744961082935333,0.019341086968779564,0.0,0.0,False,False
346,2,Moteur principal,0.8938063584315727,71.71728919949545,-0.13226318359375,0.09601422399282455,0.06895235180854797,-0.1519167423248291,-0.022368477657437325,0.007529991678893566,0.0,0.0,False,False
347,2,Moteur principal,2.3885741059501173,74.10586330544557,-0.13151779770851135,0.0932692140340805,0.07400090992450714,-0.12199189513921738,-0.02183927781879902,0.010583912953734398,0.0,0.0,False,False
348,0,Ne rien faire,-2.0321190664684394,72.07374423897713,-0.1307723969221115,0.08992424607276917,0.07400090992450714,-0.14865858852863312,-0.02131008915603161,0.010583910159766674,0.0,0.0,False,False
349,2,Moteur principal,0.5895232817341494,72.66326752071127,-0.12991341948509216,0.0868566632270813,0.08488975465297699,-0.13632264733314514,-0.020313121378421783,0.019939327612519264,0.0,0.0,False,False
350,0,Ne rien faire,-1.9450094830623428,70.71825803764892,-0.129054456949234,0.08318911492824554,0.08488975465297699,-0.16298939287662506,-0.01931615173816681,0.019939308986067772,0.0,0.0,False,False
351,2,Moteur principal,0.3540665832405068,71.07232462088943,-0.1281294822692871,0.07966727018356323,0.0912175104022026,-0.156511589884758,-0.018058819696307182,0.02514687553048134,0.0,0.0,False,False
352,2,Moteur principal,2.4605229850554737,73.53284760594491,-0.12728329002857208,0.0766887292265892,0.08377651125192642,-0.13237081468105316,-0.017229441553354263,0.01658777892589569,0.0,0.0,False,False
353,0,Ne rien faire,-1.9722316497747698,71.56061595617014,-0.12643709778785706,0.07311016321182251,0.08377651125192642,-0.15903756022453308,-0.0164000503718853,0.01658778265118599,0.0,0.0,False,False
354,2,Moteur principal,0.41258434237977754,71.97320029854991,-0.12552309036254883,0.06970518827438354,0.09028442949056625,-0.15131868422031403,-0.015295964665710926,0.02208162471652031,0.0,0.0,False,False
355,2,Moteur principal,0.6819490821725978,72.6551493807225,-0.12460746616125107,0.0664716586470604,0.09047514200210571,-0.14370232820510864,-0.014220882207155228,0.02150179259479046,0.0,0.0,False,False
356,0,Ne rien faire,-1.9434594580436766,70.71168992267883,-0.12369175255298615,0.06263817101716995,0.09047513455152512,-0.17036908864974976,-0.013145792298018932,0.021501818671822548,0.0,0.0,False,False
357,2,Moteur principal,1.7231887187662138,72.43487864144504,-0.12286300957202911,0.059147223830223083,0.08223828673362732,-0.15514637529850006,-0.01251056045293808,0.01270450372248888,0.0,0.0,False,False
358,2,Moteur principal,0.9924442537133238,73.42732289515837,-0.12191371619701385,0.056064900010824203,0.09375499188899994,-0.1369830071926117,-0.011357380077242851,0.023063601925969124,0.0,0.0,False,False
359,0,Ne rien faire,-1.9087320230151015,71.51859087214326,-0.12096452713012695,0.05238255113363266,0.09375499933958054,-0.163649782538414,-0.010204201564192772,0.023063596338033676,0.0,0.0,False,False
360,2,Moteur principal,2.5540570342870454,74.0726479064303,-0.12009801715612411,0.04927083104848862,0.08590369671583176,-0.1382952481508255,-0.009470826014876366,0.014667682349681854,0.0,0.0,False,False
361,0,Ne rien faire,-2.027925010636068,72.04472289579424,-0.11923150718212128,0.04555908218026161,0.08590369671583176,-0.16496196389198303,-0.008737454190850258,0.014667701907455921,0.0,0.0,False,False
362,2,Moteur principal,2.3776369828064015,74.42235987860064,-0.11835870891809464,0.04248219355940819,0.08654475212097168,-0.13674354553222656,-0.008007978089153767,0.014589603058993816,0.0,0.0,False,False
363,0,Ne rien faire,-2.0331075494370907,72.38925232916355,-0.11748580634593964,0.03880542144179344,0.08654474467039108,-0.1634102612733841,-0.007278503384441137,0.014589587226510048,0.0,0.0,False,False
364,2,Moteur principal,0.5063482969272719,72.89560062609083,-0.11677312850952148,0.03512071073055267,0.07130009680986404,-0.16376562416553497,-0.007302861660718918,-0.00048738493933342397,0.0,0.0,False,False
365,2,Moteur principal,-0.12425756749976385,72.77134305859106,-0.11607570946216583,0.03142634406685829,0.06984757632017136,-0.1641940325498581,-0.00741173792630434,-0.0021774647757411003,0.0,0.0,False,False
366,2,Moteur principal,3.208191477768872,75.97953453635994,-0.11538772284984589,0.02856832556426525,0.06898552924394608,-0.1270250827074051,-0.007597014773637056,-0.0037055506836622953,0.0,0.0,False,False
367,0,Ne rien faire,-2.2645020135829412,73.715032522777,-0.11469974368810654,0.02511027827858925,0.06898553669452667,-0.15369175374507904,-0.007782296277582645,-0.0037055395077914,0.0,0.0,False,False
368,2,Moteur principal,2.1437860385387824,75.85881856131577,-0.11412401497364044,0.02213653177022934,0.05830943584442139,-0.13216976821422577,-0.008513125590980053,-0.014616523869335651,0.0,0.0,False,False
369,0,Ne rien faire,-2.4276010894653446,73.43121747185043,-0.11354837566614151,0.01856275647878647,0.05830943584442139,-0.1588364690542221,-0.009243945591151714,-0.014616532251238823,0.0,0.0,False,False
370,2,Moteur principal,0.7040974488482135,74.13531492069865,-0.1128423660993576,0.015329370275139809,0.0707501545548439,-0.14371010661125183,-0.009399219416081905,-0.0031056080479174852,0.0,0.0,False,False
371,2,Moteur principal,2.158439621068312,76.29375454176696,-0.1120595932006836,0.012801084667444229,0.07811625301837921,-0.11236467957496643,-0.009236801415681839,0.0032484724652022123,0.0,0.0,False,False
372,0,Ne rien faire,-2.1369184439115294,74.15683609785543,-0.11127682030200958,0.009672913700342178,0.07811626046895981,-0.13903136551380157,-0.0090743787586689,0.0032484508119523525,0.0,0.0,False,False
373,2,Moteur principal,3.4803242404285912,77.63716033828402,-0.11052608489990234,0.007493743672966957,0.07510174065828323,-0.09685087949037552,-0.009103878401219845,-0.0005900154355913401,0.0,0.0,False,False
374,0,Ne rien faire,-2.1126063929153105,75.52455394536871,-0.1097753494977951,0.0047146533615887165,0.07510174065828323,-0.12351754307746887,-0.009133377112448215,-0.0005900249816477299,0.0,0.0,False,False
375,0,Ne rien faire,-2.2543667952543203,73.2701871501144,-0.10902462154626846,0.0013354993425309658,0.07510174065828323,-0.15018421411514282,-0.009162873029708862,-0.0005900339456275105,0.0,0.0,False,False
376,2,Moteur principal,1.5747792090809412,74.84496635919534,-0.108136847615242,-0.0014117264654487371,0.0882037803530693,-0.12209705263376236,-0.008593159727752209,0.011394156143069267,0.0,0.0,False,False
377,0,Ne rien faire,20.71054247117849,95.55550883037382,-0.1071494072675705,-0.00407083285972476,0.07927234470844269,-0.11820217967033386,0.010708031244575977,0.3861185312271118,1.0,1.0,False,False
378,2,Moteur principal,4.093274358913789,99.64878318928761,-0.106359101831913,-0.005313267931342125,0.06148421764373779,-0.055692847818136215,0.026875512674450874,0.32190436124801636,1.0,1.0,False,False
379,0,Ne rien faire,0.7621922760907403,100.41097546537836,-0.10575008392333984,-0.006274464074522257,0.053499944508075714,-0.0428827740252018,0.0342019721865654,0.14654791355133057,1.0,1.0,False,False
380,0,Ne rien faire,1.5621803628361413,101.9731558282145,-0.10527238994836807,-0.006788875907659531,0.043836116790771484,-0.022968851029872894,0.03810116648674011,0.07799918949604034,1.0,1.0,False,False
381,0,Ne rien faire,1.4970344232582455,103.47019025147274,-0.10492515563964844,-0.006858935579657555,0.03418667986989021,-0.0031380297150462866,0.038631509989500046,0.010619358159601688,1.0,1.0,False,False
382,0,Ne rien faire,0.7719246598534433,104.24211491132618,-0.1047084778547287,-0.006485035642981529,0.024538468569517136,0.016682008281350136,0.0358106791973114,-0.05640634894371033,1.0,1.0,False,False
383,0,Ne rien faire,-0.2908007474335257,103.95131416389266,-0.10451583564281464,-0.005838372744619846,0.024115268141031265,0.028844216838479042,0.031023981049656868,-0.09572450071573257,1.0,1.0,False,False
384,0,Ne rien faire,-0.6325871622664394,103.31872700162623,-0.10429982841014862,-0.004936471115797758,0.02448796108365059,0.04013826698064804,0.02819053828716278,-0.05665566772222519,1.0,1.0,False,False
385,0,Ne rien faire,0.8647559563694465,104.18348295799568,-0.10412664711475372,-0.004080738872289658,0.023756850510835648,0.03813593089580536,0.021841147914528847,-0.12697961926460266,1.0,1.0,False,False
386,0,Ne rien faire,0.9122208361884496,105.09570379418413,-0.10394630581140518,-0.0033111954107880592,0.023867854848504066,0.03427118808031082,0.016093356534838676,-0.11494876444339752,1.0,1.0,False,False
387,0,Ne rien faire,1.0200046872189361,106.11570848140306,-0.10375232994556427,-0.0026981139089912176,0.024089183658361435,0.027289319783449173,0.011467931792140007,-0.09250293672084808,1.0,1.0,False,False
388,0,Ne rien faire,0.8760263257905052,106.99173480719357,-0.10354356467723846,-0.002257087267935276,0.02430722303688526,0.0196204986423254,0.008089520037174225,-0.06756317615509033,1.0,1.0,False,False
389,0,Ne rien faire,0.8370889129099623,107.82882372010353,-0.10335884243249893,-0.001929786172695458,0.021105442196130753,0.014552515000104904,0.005511606577783823,-0.051543109118938446,1.0,1.0,False,False
390,0,Ne rien faire,0.7798691754397424,108.60869289554327,-0.10321970283985138,-0.001657702960073948,0.016098693013191223,0.012095887213945389,0.003356477478519082,-0.04309683293104172,1.0,1.0,False,False
391,0,Ne rien faire,0.5850583325768088,109.19375122812008,-0.10311965644359589,-0.001407649484463036,0.011993657797574997,0.01111951470375061,0.0013909669360145926,-0.03931642323732376,1.0,1.0,False,False
392,0,Ne rien faire,0.23464050391692304,109.428391732037,-0.10303659737110138,-0.0011623167665675282,0.010239996947348118,0.010907080955803394,-0.0005251639522612095,-0.038335204124450684,1.0,1.0,False,False
393,0,Ne rien faire,0.8268009252182988,110.2551926572553,-0.1029689759016037,-0.0011593126691877842,0.006760376039892435,0.00013500350178219378,-0.0005237559089437127,2.8221746106282808e-05,1.0,1.0,False,False
394,0,Ne rien faire,0.5617747999825848,110.81696745723788,-0.10295744240283966,-0.0011611724039539695,0.001150650205090642,-8.229456580011174e-05,-0.0005256602307781577,-3.627675323514268e-05,1.0,1.0,False,False
395,0,Ne rien faire,-0.028749425984058163,110.78821803125382,-0.102971650660038,-0.0011612438829615712,-0.0014483982231467962,-3.3670289667497855e-06,-0.00050413201097399,0.0004196980153210461,1.0,1.0,False,False
396,0,Ne rien faire,0.014218322072437672,110.80243635332626,-0.10298442840576172,-0.0011612438829615712,-0.0013129712315276265,-6.255780817809864e-07,-0.0004846010997425765,0.00038007652619853616,1.0,1.0,False,False
397,0,Ne rien faire,0.09330342287672799,110.89573977620299,-0.10298824310302734,-0.0011612438829615712,-0.0003817994147539139,-3.2192843946177163e-07,-0.00047892422298900783,0.0001105060800909996,1.0,1.0,False,False
398,0,Ne rien faire,0.02028535700150691,110.9160251332045,-0.10298643261194229,-0.0011612438829615712,0.00017810435383580625,1.614158122720255e-07,-0.0004815776483155787,-5.1556660764617845e-05,1.0,1.0,False,False
399,0,Ne rien faire,-0.0062454592188903035,110.90977967398561,-0.10298414528369904,-0.0011612438829615712,0.0002392818423686549,2.1638412306401733e-07,-0.0004851433914154768,-6.923550245119259e-05,1.0,1.0,False,False
400,0,Ne rien faire,0.014135844903108818,110.92391551888872,-0.10298319160938263,-0.0011612438829615712,9.742246038513258e-05,8.762201986201035e-08,-0.00048659800086170435,-2.8188729629619047e-05,1.0,1.0,False,False
401,0,Ne rien faire,0.008303955415795983,110.93221947430452,-0.10298337787389755,-0.0011612438829615712,-1.4405459296540357e-05,-1.344061129060492e-08,-0.00048638475709594786,4.178800281806616e-06,1.0,1.0,False,False
402,0,Ne rien faire,-0.002629184214599789,110.92959029008992,-0.102983757853508,-0.0011612438829615712,-4.093048846698366e-05,-3.6721356622138046e-08,-0.0004857701133005321,1.1838405043818057e-05,1.0,1.0,False,False
403,0,Ne rien faire,0.0019182771516295105,110.93150856724155,-0.10298395156860352,-0.0011612438829615712,-2.1872285287827253e-05,-1.8612926311334377e-08,-0.0004854548315051943,6.3134452830126975e-06,1.0,1.0,False,False
404,0,Ne rien faire,0.002096965845078458,110.93360553308663,-0.10298395156860352,-0.0011612438829615712,-9.21232071959821e-07,-1.3333890935829373e-10,-0.00048543623415753245,3.3799048537730414e-07,1.0,1.0,False,False
405,0,Ne rien faire,-0.0005587734989198623,110.93304675958771,-0.10298385471105576,-0.0011612438829615712,6.494691660918761e-06,6.089236670447917e-09,-0.00048554586828686297,-1.8774444470182061e-06,1.0,1.0,False,False
406,0,Ne rien faire,0.00019182554613728087,110.93323858513385,-0.10298385471105576,-0.0011612438829615712,4.513281055551488e-06,4.578830203882944e-09,-0.0004856090235989541,-1.3350263543543406e-06,1.0,1.0,False,False
407,0,Ne rien faire,0.00036677220671599287,110.93360535734057,-0.10298385471105576,-0.0011612438829615712,8.317368838106631e-07,6.663564700026825e-10,-0.00048562284791842103,-2.730516541760153e-07,1.0,1.0,False,False
408,0,Ne rien faire,-8.234562731246342e-06,110.93359712277784,-0.10298385471105576,-0.0011612438829615712,-9.327671932624071e-07,-6.74617084417406e-10,-0.0004856041632592678,3.484130104425276e-07,1.0,1.0,False,False
409,0,Ne rien faire,6.73101714632196e-06,110.93360385379499,-0.10298385471105576,-0.0011612438829615712,-8.848695074448187e-07,-2.8940322360782034e-10,-0.00048558475100435317,3.2037621622293955e-07,1.0,1.0,False,False
410,0,Ne rien faire,6.1001951539907395e-05,110.93366485574653,-0.10298385471105576,-0.0011612438829615712,-2.72783665877796e-07,2.8892188988494105e-11,-0.0004855868173763156,6.798205021141257e-08,1.0,1.0,False,False
411,0,Ne rien faire,1.4561782224475905e-05,110.93367941752875,-0.10298385471105576,-0.0011612438829615712,1.1619368933679652e-07,9.407159946850374e-12,-0.0004855977895203978,-8.094288261872862e-08,1.0,1.0,False,False
412,0,Ne rien faire,-5.115116469056602e-06,110.93367430241229,-0.10298385471105576,-0.0011612438829615712,1.64871025276625e-07,1.51539007037238e-11,-0.0004856002633459866,-7.440011984272132e-08,1.0,1.0,False,False
413,0,Ne rien faire,7.225586323045263e-06,110.9336815279986,-0.10298385471105576,-0.0011612438829615712,8.158214370723726e-08,6.604102265050926e-10,-0.0004856112936977297,-8.181112320926331e-08,1.0,1.0,False,False
414,0,Ne rien faire,6.884555221020605e-06,110.93368841255382,-0.10298385471105576,-0.0011612438829615712,5.902892841191942e-09,2.677942978479564e-09,-0.0004856175510212779,-3.0961071928459205e-08,1.0,1.0,False,False
415,0,Ne rien faire,-3.6403701617615525e-06,110.93368477218365,-0.10298385471105576,-0.0011612438829615712,-4.079016235891686e-08,1.5552297297216633e-11,-0.0004856196464970708,8.151702957093221e-08,1.0,1.0,False,False
416,0,Ne rien faire,-8.467342631490737e-07,110.93368392544939,-0.10298385471105576,-0.0011612438829615712,-4.7510269496342517e-08,3.093654499242149e-10,-0.0004856213927268982,8.875758084059271e-08,1.0,1.0,False,False
417,0,Ne rien faire,1.3739025348513678e-06,110.93368529935192,-0.10298385471105576,-0.0011612438829615712,-3.984800400758104e-08,7.441570692989785e-10,-0.00048561531002633274,9.609372852992237e-08,1.0,1.0,False,False
418,0,Ne rien faire,100.0,210.9336852993519,-0.10298385471105576,-0.0011612438829615712,0.0,0.0,-0.0004856167361140251,0.0,1.0,1.0,True,False
