#{"t_start": 1784297818.6760895, "env_id": "LunarLander-v3"}
r,l,t
-175.827615,76,0.022136
-100.245847,89,0.044089
-101.798552,112,0.072374
-106.520859,74,0.090774
-115.561077,90,0.113158
-136.661157,92,0.135671
-207.815347,78,0.154983
-129.110177,81,0.174869
-444.106031,100,0.200746
-165.214185,117,0.230123
-74.768103,68,0.247299
-185.119738,100,0.27278
-162.000168,96,0.296491
-114.698701,70,0.31374
-144.944383,102,0.339095
-301.188778,111,0.366463
-454.668901,114,0.395335
-319.605375,81,0.415593
-362.360442,89,0.438086
-105.787219,93,0.461165
-135.537077,101,0.485822
-77.623372,103,0.511341
-337.747349,85,0.851975
-137.390919,90,0.874883
-73.849923,61,0.889759
-108.237382,72,0.907328
-77.770732,103,0.933274
-88.456947,70,0.950606
-143.978713,122,0.981185
-99.061107,95,1.004899
-538.539085,145,1.042985
-63.726757,80,1.062838
-114.362235,80,1.082819
-125.285665,85,1.104015
-201.449688,79,1.1244
-317.040266,104,1.150172
21.263092,113,1.179106
-353.825607,138,1.215241
-106.811139,154,1.256753
-351.085228,125,1.289401
-97.607083,130,1.32298
-228.385165,110,1.351733
-73.736599,65,1.685715
-170.539755,69,1.702892
-367.410961,125,1.735579
-223.05768,110,1.764426
-229.727348,83,1.785389
-84.759265,53,1.798317
-93.996639,68,1.814941
-132.665706,114,1.843715
-78.934351,128,1.876684
-126.739274,96,1.901286
-94.613566,60,1.916017
-119.162964,110,1.943653
-263.82774,90,1.966741
-75.285578,58,1.980945
-115.011775,82,2.001453
-99.192007,68,2.017934
-94.933248,101,2.044254
-204.485632,104,2.070085
-59.008571,59,2.084389
-108.551745,100,2.10949
-49.560934,125,2.141409
-94.467365,64,2.15716
-100.737401,84,2.177999
-34.509822,151,2.535247
-90.692733,138,2.572475
-139.101672,78,2.592506
-100.088041,118,2.623082
-211.526154,88,2.646084
-89.458199,121,2.677265
-250.632359,136,2.712686
-234.336334,115,2.742627
-68.155689,138,2.779226
-108.982745,72,2.796904
-75.65542,63,2.812846
-115.074018,82,2.833285
-113.963547,69,2.850394
-303.849131,126,2.882973
-122.331229,81,2.903195
-249.728759,128,2.93645
-109.383603,80,2.956752
-105.733444,127,2.989134
-308.91207,138,3.025224
-105.075465,103,3.361899
-56.394049,77,3.381243
-91.97701,94,3.405029
-29.833766,151,3.445571
-94.24533,163,3.490131
-150.634266,73,3.508444
-160.492149,86,3.530483
-89.371189,70,3.548044
-217.304502,116,3.577736
-212.431894,178,3.626241
-171.959188,106,3.653893
-29.724675,118,3.6847
-141.112037,113,3.713662
-52.750689,78,3.733051
-122.480779,64,3.748636
-201.903616,141,3.784992
-73.466402,104,3.81133
-67.991788,113,3.839663
-78.244515,87,3.861601
-217.291834,175,4.219803
-44.511013,101,4.245802
-105.572312,82,4.267228
-107.330021,153,4.309362
-70.259923,84,4.330648
-80.687467,110,4.3594
-78.579615,156,4.401192
-70.577843,93,4.425166
-83.734354,75,4.444216
-123.220899,129,4.478552
-84.738538,159,4.520985
-126.802969,118,4.55153
-119.802357,83,4.572553
-100.40742,268,4.655818
-316.048357,136,4.692028
-96.477598,97,4.716943
-80.699837,127,5.062201
-81.319515,108,5.09051
11.617239,154,5.131944
-34.172167,96,5.156265
-35.598394,122,5.188283
-242.188905,154,5.230295
-206.508558,113,5.26044
-107.998207,92,5.283681
-55.683441,163,5.328431
-217.864952,222,5.394397
-86.85451,144,5.432516
-39.526088,170,5.479665
44.181608,100,5.505722
-74.50764,129,5.540133
-91.809637,181,5.590396
-114.262461,255,5.981734
-69.688346,85,6.003855
-26.906116,193,6.058002
-67.113306,162,6.102051
-79.357115,249,6.177645
-146.524554,244,6.248509
-51.287335,91,6.272374
-58.811679,135,6.309121
-11.383842,115,6.339386
-216.246965,242,6.413105
-72.26868,165,6.457844
-194.121381,228,6.840132
-56.993424,96,6.865593
-126.952874,211,6.925023
-68.747099,77,6.944607
-94.464305,76,6.963743
30.287466,153,7.005684
-34.958244,251,7.08328
22.518178,159,7.127923
-95.265717,215,7.190044
-24.460498,117,7.221496
-191.812818,278,7.319901
-141.179196,391,7.793966
-120.277881,207,7.85415
-20.937879,1000,8.435284
31.252702,225,8.504177
-118.634783,425,8.656866
-148.671095,188,9.020908
-99.808549,123,9.054107
-147.424328,288,9.148572
-106.14314,261,9.230772
-37.375549,216,9.293782
-134.933042,347,9.407882
-160.716364,373,9.546333
33.432819,220,9.614478
-41.815341,325,10.041922
-201.174561,497,10.256565
28.054876,357,10.381299
-86.188712,234,10.454041
17.214722,235,10.530667
7.665866,224,10.597692
12.029075,1000,12.243177
-67.15362,299,12.358298
-184.838917,429,12.524881
28.304455,1000,13.394743
-140.687945,310,13.495956
-165.009459,913,14.186464
5.593959,1000,15.005915
-106.171623,1000,15.928656
-33.962186,1000,16.911868
23.006984,1000,17.574401
16.872352,1000,18.76934
-94.530324,403,18.942813
-85.54286,421,19.109067
-28.627336,358,19.247226
-97.441284,479,19.76776
10.741904,1000,20.367905
43.490852,1000,21.074988
61.339141,1000,22.024308
-29.237958,204,22.087961
163.856996,577,22.322774
-20.795053,275,22.410967
-17.07772,363,22.867111
84.985057,1000,23.502147
93.036737,1000,24.416506
-127.227898,335,24.53044
104.039827,1000,25.019749
-68.148536,445,25.511248
-4.426596,289,25.617341
-83.480984,318,25.723763
119.797706,1000,26.422931
-66.245642,323,26.535986
-23.5623,361,26.96998
-48.377248,401,27.122842
-27.719263,365,27.26061
-66.811318,299,27.364411
-60.489998,180,27.415253
-53.152176,238,27.488155
-82.551531,436,27.956091
109.765628,1000,28.686284
-45.404051,298,28.790156
-77.664925,267,28.876514
-51.512627,330,28.988531
-17.863759,408,29.470137
-41.916767,310,29.574877
78.820103,1000,31.355802
-61.118666,270,31.4449
-61.533765,303,31.874622
105.13037,1000,32.500347
56.125051,1000,33.344945
-72.313363,225,33.411477
114.963718,1000,33.973012
8.548297,1000,34.784091
-48.342513,182,34.835251
-78.383037,294,34.93901
-60.802362,170,34.984747
-78.927461,171,35.031139
-118.875103,242,35.104632
108.559486,1000,35.881744
-44.001577,344,36.010312
-116.553021,208,36.072331
-154.194851,166,36.117911
-106.240009,140,36.153699
-117.210252,166,36.201055
-87.417254,167,36.246105
-10.35744,367,36.368791
-131.68058,569,36.901388
-80.298492,161,36.944826
-76.733628,234,37.015243
64.647854,1000,37.434695
-23.469511,684,38.075661
105.081546,1000,38.807145
-61.878811,180,38.856459
-6.193032,385,39.029736
167.836846,726,39.643763
-130.46786,182,39.694923
157.09331,519,39.979238
-82.062019,332,40.10099
-12.72701,235,40.178575
155.848757,931,41.020869
-75.480125,184,41.072231
-137.22256,244,41.147444
46.334212,669,41.471922
-54.120227,220,41.852111
107.573308,1000,42.513041
80.995226,1000,43.435275
185.953941,567,43.658664
131.201292,415,43.82339
52.701476,1000,44.795115
87.305692,663,45.097233
-127.811912,587,45.400663
49.415318,1000,46.506168
-95.727609,195,46.560904
-46.388784,372,46.715609
73.398834,1000,48.424818
-94.305946,173,48.474248
131.599059,1000,49.64828
-543.745332,526,49.852578
-58.33071,274,49.941877
-98.237999,212,50.006329
-119.403619,258,50.399718
111.696799,1000,50.961077
-69.509051,355,51.100705
-194.355198,313,51.204423
-6.575896,553,51.779189
-80.162928,660,52.085371
-96.604739,198,52.143927
82.570413,1000,53.157874
-63.418614,190,53.210585
40.42422,1000,53.71141
-97.325738,276,53.807594
155.305663,1000,54.719634
69.747069,1000,55.578358
100.322322,1000,56.628933
89.493798,1000,57.194361
109.405458,1000,58.123427
-126.783713,400,58.277488
82.568427,1000,59.000402
92.86097,1000,60.143574
-70.921853,301,60.253246
81.741792,1000,61.092332
-395.780791,368,61.235835
-63.622538,297,61.34298
54.415456,1000,62.314702
-170.008617,745,62.983296
-153.765571,348,63.122121
-127.536311,718,63.453426
53.437189,1000,64.649936
175.224982,344,64.779459
-193.483046,655,65.107738
55.32989,1000,66.435169
-87.541225,479,66.661791
-117.362765,446,66.86073
41.48149,1000,69.08817
-44.638152,1000,69.944896
68.261071,1000,70.925809
95.135344,1000,71.625291
75.548999,916,72.740987
-19.339022,1000,73.263244
13.188869,1000,74.383147
7.923125,1000,75.460957
-85.861203,477,75.684479
150.530536,593,76.246813
-82.719003,289,76.347134
10.646865,1000,76.914456
-91.334675,495,77.148072
-408.988066,873,78.015271
-52.779437,167,78.060116
-124.104379,752,78.420653
-125.949988,285,78.522203
-149.591234,379,78.98654
67.655306,1000,79.583076
53.554219,1000,80.907228
109.733068,1000,81.685907
139.689626,808,82.025112
-179.480582,683,82.748781
54.519235,1000,83.37056
17.77699,1000,84.136438
97.320509,1000,84.791453
-90.428447,473,84.960889
166.646971,535,85.504488
71.772364,1000,85.99585
72.376017,1000,87.358395
-82.41197,824,87.720815
12.504785,1000,89.54298
116.734787,626,89.853181
216.640244,605,90.12691
-34.436738,1000,91.11069
-100.694838,197,91.166193
-46.784577,1000,91.933555
105.470824,726,92.554519
5.106744,1000,93.104609
201.04849,586,93.407823
125.02969,781,94.062377
-120.483131,301,94.168709
179.602536,868,94.871236
-79.281522,555,95.491934
220.321703,508,95.708642
-116.77652,188,95.759805
58.132551,968,96.295308
-58.556168,442,96.761279
39.249395,1000,97.480585
-106.777711,168,97.525965
186.286729,530,97.807121
248.465592,470,98.279451
195.299625,592,98.606143
66.040162,806,99.06718
-58.341471,194,99.124312
187.315474,520,99.777984
153.665764,647,100.113986
-138.728566,387,100.272243
-70.245464,219,100.339802
-57.403312,234,100.410536
-98.915217,310,100.818299
-40.411433,304,100.920337
126.037095,598,101.192679
-78.640905,191,101.244495
-68.112663,285,101.335659
187.756911,500,101.914067
180.433971,440,102.130831
-106.178449,379,102.28449
-98.666353,316,102.394959
173.414021,515,102.680857
-7.112093,443,103.181327
-92.407724,458,103.346825
-46.666675,317,103.447075
178.184106,499,103.641377
155.843539,792,104.285449
42.738008,1000,104.741542
-62.071446,261,104.826458
166.473293,589,105.122198
-112.946266,395,105.600672
155.385763,687,106.53478
-42.065236,430,106.712847
-42.177729,243,106.790436
166.026586,581,107.399669
-78.745464,325,107.49781
135.172327,699,107.813769
154.739352,441,107.970005
79.110127,1000,108.883929
-56.489677,346,109.013115
146.956967,609,109.279495
-94.531507,320,109.390933
-93.882809,373,109.851841
195.625066,572,110.127263
199.58284,479,110.363588
200.555263,446,110.562456
217.738895,414,111.032761
-74.646913,229,111.097386
201.508676,703,111.43079
195.080315,392,111.574283
-17.097601,405,111.72762
-95.576755,390,112.180798
-73.63295,232,112.251758
169.552962,484,112.448662
-100.69505,300,112.540532
138.260856,510,112.724848
174.569786,458,113.225961
-105.18816,432,113.376259
-50.760821,201,113.432758
92.129517,1000,114.009748
195.316881,343,114.43409
-29.187592,315,114.547159
-100.928433,167,114.594258
-62.135793,216,114.657422
128.420529,455,114.877282
-85.394372,206,114.937567
218.415525,403,115.09787
202.192506,437,115.622895
228.510445,372,115.776006
211.70385,379,115.913001
-82.634949,223,115.981204
179.679992,364,116.118811
97.82737,1000,116.953814
236.040919,370,117.098829
240.371547,389,117.233216
256.467963,354,117.367048
-73.005612,409,117.513857
188.994305,324,117.943806
-103.132954,317,118.054056
131.019049,413,118.192929
160.212764,449,118.401188
158.401921,370,118.538593
-72.953774,435,118.986449
-47.500311,166,119.030836
8.288978,310,119.123158
-56.080628,303,119.231701
203.018042,424,119.390237
-58.794302,299,119.482394
225.257592,448,119.94538
-58.686269,375,120.067415
-49.518304,303,120.170754
-18.777968,350,120.811807
215.762725,333,120.937879
-43.184218,204,120.994464
-62.396044,301,121.098233
161.331324,307,121.508748
-78.003779,140,121.545629
-62.415473,197,121.603552
178.565967,398,121.755376
124.13385,380,121.894609
-58.348308,166,121.93946
-59.83472,209,122.00502
-41.026569,341,122.437847
176.53536,378,122.56781
-65.792874,368,122.708985
-78.623978,159,122.753938
-79.095465,313,122.863837
181.321678,316,122.968699
-22.81869,297,123.067142
242.841036,396,123.536014
188.253461,345,123.65445
240.402836,428,123.810332
221.530857,368,123.954995
-41.941725,318,124.055667
153.814912,403,124.511575
-56.805789,240,124.587803
177.625559,357,124.727864
-77.21984,178,124.778681
203.68365,254,124.863196
194.485037,392,125.019675
-67.032031,269,125.099338
273.597529,544,125.654578
199.781525,413,125.840011
-89.155338,278,125.929529
-165.936498,475,126.106554
201.245306,298,126.20857
166.033737,391,126.668401
-9.895853,233,126.74154
-19.730344,272,126.831428
211.328168,540,127.047282
156.802573,335,127.157583
196.255512,369,127.314018
-159.213886,206,127.374657
202.836141,351,127.806357
229.935162,474,128.018177
213.908934,351,128.163465
-48.749192,170,128.211263
-139.203405,208,128.273584
-83.842891,207,128.332649
85.144606,1000,129.341417
-154.656572,185,129.392554
-98.267347,425,129.534741
243.684593,434,129.701788
207.695693,426,130.217109
-66.719265,349,130.343467
-46.404045,317,130.45362
214.011599,317,130.574286
-45.748365,256,130.646556
-57.34761,236,130.713067
184.390778,336,130.835276
185.006653,488,131.419038
161.61836,317,131.535382
185.611288,439,131.726742
-99.948182,219,131.791699
-60.231099,390,131.937883
-16.77763,312,132.041291
-85.537253,149,132.390855
-1.746625,249,132.470835
194.852005,458,132.645228
-69.916929,289,132.735257
-75.136132,201,132.791032
176.561585,335,132.911844
195.70943,409,133.06211
202.516034,289,133.470145
-70.600025,187,133.523483
-47.751628,266,133.602803
-34.645979,189,133.653931
196.037147,314,133.752274
153.649128,382,134.368178
198.075684,337,134.490903
-83.82917,164,134.848159
259.447831,500,135.048709
226.498632,300,135.147358
-60.447551,166,135.191693
-67.555444,160,135.23553
18.430347,264,135.319087
-33.770524,206,135.373384
215.326873,373,135.530353
-8.908163,255,135.920898
-86.437699,152,135.962496
-46.406507,301,136.051365
-76.155654,307,136.145365
-102.240386,363,136.277016
226.893609,370,136.388747
-90.486352,170,136.436493
-77.52599,160,136.789181
225.132189,468,137.015081
-12.550143,149,137.055167
-35.599174,220,137.112415
168.051184,469,137.294107
163.882676,302,137.398688
166.346002,508,137.908007
190.975364,346,138.0329
191.259535,504,138.307881
153.537802,315,138.419792
-71.014402,138,138.456395
-74.006175,168,138.500979
-47.599952,276,138.588737
-63.987782,168,138.633593
149.084247,282,139.037641
228.573375,601,139.39917
221.189481,381,139.530634
-34.587869,169,139.578045
203.581923,295,139.677832
-16.339278,190,139.732449
205.177158,305,140.154902
209.18608,355,140.303261
-96.181508,213,140.366187
248.998643,322,140.475111
-96.790854,152,140.516409
-42.044566,293,140.606596
-50.571308,177,140.653809
212.592839,356,140.788993
-91.917776,152,141.142591
225.550742,470,141.355211
221.095473,305,141.459749
200.981796,352,141.589755
-73.445879,163,141.633974
242.342348,294,141.73757
-103.827408,178,141.787738
-57.497411,171,141.835004
-36.806185,221,142.210123
149.660803,298,142.308875
249.702606,320,142.415996
177.286934,474,142.61398
178.751762,290,142.708047
243.43532,332,142.841741
206.022709,450,143.330278
263.439145,334,143.443022
226.036808,285,143.538234
218.127513,250,143.614959
-21.191059,263,143.694159
-34.160868,188,143.746083
-61.876542,126,143.779839
-85.995439,131,143.813373
-23.487965,150,144.162307
-49.09313,199,144.215159
-77.833503,131,144.24908
246.54287,272,144.331415
-80.204293,216,144.394035
166.633812,322,144.502993
-96.715776,147,144.541795
221.128399,288,144.626228
-109.85699,223,144.689096
-52.337782,139,144.726341
-47.459884,176,145.084048
-49.210116,186,145.13347
-69.995217,99,145.159353
150.236854,1000,145.616999
232.951547,290,145.714314
-37.522469,179,145.761131
-64.993314,161,145.801895
202.733717,246,146.194583
228.210504,247,146.269403
246.926461,361,146.398343
-55.750069,118,146.427984
236.424913,291,146.519014
-36.70924,146,146.558969
250.963579,255,146.63732
249.314963,299,147.174712
236.449047,376,147.636101
-25.22724,94,147.66088
-6.313654,199,147.718442
242.158269,299,147.832363
-77.710799,145,147.871359
239.148153,284,147.95507
122.332651,1000,148.770994
241.8513,255,148.851714
283.371545,207,148.914838
256.334065,262,149.003418
-85.075087,112,149.032976
163.992955,255,149.108045
244.45158,258,149.184844
-44.529426,216,149.245224
-129.641161,187,149.300165
218.769816,226,149.680494
-1.740057,233,149.746909
-32.351578,149,149.787936
-34.89039,165,149.833336
-26.042981,150,149.874071
-71.442405,146,149.914578
69.064059,1000,150.292907
-39.787064,136,150.652542
243.480411,244,150.72285
-53.861656,119,150.755482
-81.004976,150,150.795431
260.82551,240,150.872606
269.906755,262,150.961097
-101.121968,145,151.001141
206.974064,341,151.128782
-37.459849,130,151.162462
-78.168785,154,151.203481
196.450869,252,151.595695
242.810284,393,151.729545
199.872227,293,151.818957
247.281407,376,151.965207
-8.156927,135,152.001899
240.164354,271,152.090358
-52.069448,106,152.119535
221.451993,359,152.228342
-60.584082,128,152.575032
265.785741,254,152.658466
119.141193,1000,153.189384
-29.318279,140,153.226611
234.544931,285,153.316375
-30.512711,94,153.340599
123.24503,1000,154.221145
-18.557458,104,154.249247
-179.722019,449,154.439188
202.082195,324,154.54991
225.709544,261,154.631364
243.361161,247,155.023805
240.457945,331,155.148305
204.37557,257,155.224918
-36.440047,127,155.257798
163.924616,268,155.348708
-26.797783,107,155.376953
183.410588,267,155.469703
-64.565983,159,155.510816
7.750035,186,155.563028
177.80573,715,156.169317
-11.270469,194,156.221667
248.235414,300,156.320091
29.30265,231,156.388075
6.496212,220,156.455603
247.621627,262,156.530712
214.016791,400,157.038544
-70.753157,127,157.073081
263.754737,285,157.158605
223.059296,220,157.227609
230.087593,288,157.326665
-41.223889,209,157.386627
103.985756,1000,158.235483
220.793419,501,158.479274
266.130889,294,158.574836
187.856992,291,158.673157
-35.405768,280,158.757015
252.321123,258,158.839309
-9.132255,149,158.876495
108.287669,1000,159.672052
238.316808,255,159.752255
234.297738,381,159.90097
-21.378812,152,159.943228
-13.200786,171,159.991342
236.472055,552,160.952855
249.169497,344,161.071391
200.997943,410,161.231683
-44.205532,120,161.263688
228.299808,205,161.324035
-26.650855,191,161.378806
143.768407,273,161.47239
205.621484,383,161.916772
229.852369,256,161.996323
268.021757,318,162.102026
-41.731817,143,162.141522
166.487491,263,162.232144
255.474818,316,162.335412
245.193204,264,162.416295
-19.725088,147,162.454114
-33.180071,134,162.490528
232.507579,311,162.905029
239.672331,292,163.000483
-47.567023,84,163.022656
241.354478,355,163.159952
-50.32262,116,163.190244
250.281692,217,163.257594
-33.232146,93,163.282301
-56.536398,116,163.311942
185.990794,236,163.379514
245.643938,266,163.786107
258.607116,318,163.884178
217.887744,206,163.944366
-15.776928,141,163.981772
250.600465,276,164.064633
-135.618946,149,164.105584
-34.017413,107,164.133911
254.926391,241,164.205722
3.829763,117,164.236462
255.06724,227,164.30644
-20.081353,251,164.697528
-2.261358,97,164.7243
198.743808,461,164.894131
-53.911604,93,164.918644
236.70699,270,165.005058
211.824213,944,165.291786
24.438898,89,165.315067
252.244003,231,165.69783
-42.745147,122,165.731012
12.781968,117,165.761106
218.546874,244,165.837152
-2.945195,109,165.866183
-26.830563,114,165.89539
-20.639748,101,165.921706
-3.507488,126,165.954262
-43.686226,95,165.979352
-7.219487,97,166.004007
285.826051,324,166.105444
238.881621,210,166.163769
159.079879,277,166.559858
-14.080135,97,166.585376
-31.428713,83,166.606533
205.309531,228,166.67519
201.087458,570,166.88535
-50.913932,135,166.921377
249.544205,266,167.002103
-32.293331,83,167.02398
189.069044,224,167.087393
239.6571,251,167.156783
-20.353313,102,167.495195
250.633877,180,167.542676
-11.336901,112,167.57177
200.173221,208,167.633041
253.727515,169,167.679376
-39.845743,122,167.708935
31.023369,132,167.741945
-0.094215,125,167.772837
-36.618689,103,167.797926
-31.514926,107,167.824983
277.01436,170,167.869525
-10.437883,136,167.903025
232.931697,182,167.950849
-55.118626,113,167.97959
-8.856619,99,168.005512
252.469358,190,168.371059
-43.368193,99,168.394789
183.389821,234,168.466296
-44.59076,161,168.511069
255.706704,232,168.584292
-15.200661,81,168.605106
-32.251669,108,168.63107
1.496888,121,168.660462
-33.243688,91,168.684027
-34.413412,129,168.715901
-43.138014,169,168.763556
-13.890077,148,168.80385
-78.433499,109,168.831376
256.211614,208,168.886472
202.031762,259,169.278869
171.165299,357,169.409978
141.461101,1000,169.946385
236.381979,316,170.054771
-36.887378,93,170.077575
-6.599789,117,170.421542
12.676336,148,170.458366
212.961292,358,170.59346
239.427024,419,170.772384
241.347387,220,170.840102
-122.177467,625,171.069665
232.73688,401,171.540866
177.885303,381,171.704512
-10.998317,343,171.825368
-64.194148,95,171.849061
-175.646042,563,172.079451
220.864286,352,172.219712
-82.280696,86,172.239919
234.665334,737,174.145711
89.096999,1000,174.566953
211.879171,464,175.106954
-40.273997,219,175.170656
135.090949,828,175.60216
258.614748,353,175.724685
234.846602,389,175.862785
246.659573,416,176.333701
26.580048,1000,177.002378
226.381663,439,177.229471
231.783391,392,177.717705
217.795337,483,177.956968
199.998112,298,178.054972
179.208547,606,178.39248
-5.579096,134,178.428092
158.609854,473,178.972837
118.321166,856,179.481669
187.315358,612,179.714416
212.149516,388,179.865047
193.845147,889,180.502102
-173.70078,213,180.567532
213.023023,338,180.674734
249.165627,484,180.89329
42.356522,1000,181.753862
113.10718,939,182.760219
69.825048,1000,183.809309
91.267162,778,184.164078
178.706903,600,184.471231
-54.007562,1000,185.351123
200.256986,453,185.565524
145.794063,944,186.496204
59.395337,716,186.820662
222.669461,352,186.962511
67.927394,940,187.919286
76.650727,1000,188.523139
-77.696638,208,188.586975
219.051883,540,188.856033
122.021547,628,189.466957
-54.250528,1000,189.989395
205.941617,504,190.569729
189.434061,374,190.738801
212.063044,448,190.927561
224.083848,497,192.415659
208.340627,359,192.556794
159.289054,736,193.151161
-29.771397,190,193.206286
111.47795,881,193.674634
216.216237,313,193.792835
204.180392,362,194.238721
215.608537,451,194.444361
248.149455,403,194.621252
304.04341,300,194.726372
233.361722,347,194.871864
233.93403,513,195.392565
258.766301,349,195.516254
203.437918,599,195.776875
256.376741,350,195.90886
251.475845,299,196.019899
189.900688,571,196.571873
234.727305,333,196.700343
280.582713,366,196.825081
194.190598,298,196.930883
245.66041,368,197.065768
71.732441,1000,198.090002
273.665683,334,198.196872
275.884925,306,198.306601
-24.95254,285,198.403598
249.582867,567,198.685283
180.698521,655,199.298152
217.612693,343,199.42328
217.99672,280,199.514489
87.948059,1000,200.277755
246.390283,332,200.39507
241.660632,284,200.484144
-49.012766,167,200.531125
261.468142,280,200.625239
227.523021,391,200.78314
231.227294,346,200.916721
266.364457,323,201.346994
224.068897,299,201.455684
250.619884,328,201.571663
274.504703,340,201.695142
207.57528,402,201.830457
266.897056,410,201.967725
247.800038,499,202.548608
247.153562,291,202.656688
85.871349,1000,203.321541
253.469221,290,203.425642
246.724428,297,203.834117
225.208782,313,203.951775
242.819402,215,204.014941
245.591535,301,204.12618
271.934594,330,204.249353
142.045787,632,204.866567
88.881563,1000,205.387421
264.765827,310,205.499867
252.332244,562,205.754273
275.051432,450,206.229681
231.855811,263,206.312489
203.394448,339,206.436662
84.574982,1000,207.414052
287.804028,312,207.837175
258.350397,297,207.935251
237.448637,276,208.023711
-13.833261,170,208.073752
206.575915,276,208.160028
178.347252,542,208.375355
211.60944,495,208.902708
212.256873,380,209.086891
250.023676,289,209.182224
240.415246,259,209.268384
224.524612,258,209.361431
186.607511,337,209.480735
257.505338,460,209.995179
238.318435,251,210.076057
233.609328,271,210.165483
224.920567,350,210.280617
197.74673,423,210.445574
256.081768,358,210.573994
31.983036,156,210.618414
239.114284,275,211.017472
228.019965,263,211.105759
247.789464,293,211.209324
200.769928,266,211.29928
116.307515,1000,211.797169
98.206749,1000,212.603028
23.553066,297,212.697909
235.646229,236,212.773303
229.898497,268,212.860888
236.262349,396,213.353071
271.875131,360,213.470526
204.331647,331,213.593474
247.47406,426,213.765882
96.2071,1000,214.544176
190.754772,392,214.709621
248.595623,228,214.778239
260.162407,301,214.877714
168.294397,849,215.321038
237.831736,665,215.94155
110.927564,1000,216.490543
99.500697,1000,217.341671
274.734142,397,217.528706
234.741952,331,217.652659
249.434231,278,217.74891
-42.943532,155,217.792197
250.348322,500,218.327911
294.494098,352,218.435556
255.105196,256,218.512765
242.057178,268,218.597068
252.459217,206,218.658027
258.592446,425,218.838975
284.279548,593,219.452843
232.177463,298,219.562441
283.580204,286,219.657937
197.940357,327,219.771908
248.000502,313,219.880457
229.813733,245,219.955106
244.534953,262,220.041595
168.686019,1000,220.817512
115.357451,1000,221.299189
132.786102,1000,222.636475
146.452591,1000,223.052826
254.120573,590,223.563632
48.192204,272,223.644973
23.72114,263,223.727447
210.30106,283,223.823427
11.069648,159,223.868776
137.127859,1000,224.683649
251.579599,233,224.752979
189.540923,448,224.922097
193.949559,306,225.023052
8.2402,140,225.061871
258.463209,304,225.162616
195.642077,232,225.242949
182.217779,1000,225.986351
-27.179955,157,226.030094
80.894903,1000,226.588468
137.979765,1000,227.431732
173.194525,1000,227.833696
254.184581,365,228.262127
222.264004,274,228.353679
208.188587,229,228.424298
240.047374,527,228.678529
256.920364,534,228.839254
148.233249,1000,229.668693
238.356852,418,229.85183
25.027479,121,229.884522
259.630681,283,229.976202
3.172056,320,230.077629
241.410614,534,230.578418
124.958134,1000,231.146498
44.455637,186,231.196208
126.120358,1000,231.902437
-27.016315,141,231.9406
230.475763,241,232.010442
239.796591,322,232.135558
246.100603,236,232.206195
269.04988,497,232.439528
270.547157,229,232.828834
-27.313803,114,232.859198
251.025762,249,232.934541
213.311024,238,233.010428
107.908949,1000,233.432191
180.17428,1000,234.29256
242.957209,686,234.582055
224.358121,295,234.691745
229.840076,380,235.149934
252.8325,663,235.426357
225.388559,759,235.813426
183.870233,1000,237.093102
-10.516099,158,237.137629
169.230768,471,237.308763
-23.112336,160,237.352321
112.981175,1000,238.064388
124.86041,1000,238.629708
55.189486,239,238.700306
148.05895,1000,239.429233
216.662616,503,239.619827
267.289347,518,239.869049
255.266312,255,239.951984
261.127172,313,240.055619
118.787887,1000,240.729476
294.64693,580,241.009361
65.607854,141,241.048582
26.484321,153,241.090965
239.478208,309,241.508091
223.781963,477,241.687126
91.640934,1000,242.175719
226.097598,267,242.259672
243.184883,352,242.704489
267.861122,309,242.81646
165.315772,1000,243.327729
266.47678,557,243.576716
120.939736,1000,244.264853
256.023015,280,244.355534
259.868805,340,244.493359
214.885268,279,244.588924
248.373179,374,245.051408
138.576066,1000,245.525862
134.452616,1000,246.387241
238.805042,255,246.468731
248.275024,345,246.588002
247.713512,267,246.673599
274.510774,649,246.913397
267.921652,454,247.109501
255.709237,469,247.593314
251.069011,375,247.733274
125.217588,1000,248.347687
221.108286,264,248.741159
233.496179,286,248.843504
223.303587,397,249.005029
248.764695,268,249.096106
278.141874,349,249.214663
273.136118,462,249.390017
236.19605,365,249.845419
-5.514893,142,249.885902
235.789056,417,250.080754
262.295226,321,250.210804
244.272112,292,250.312563
249.183834,279,250.398702
242.379485,279,250.4887
250.93242,310,250.904471
254.719704,330,251.019564
261.771578,274,251.657982
272.827531,282,251.740183
141.256433,1000,252.225173
102.872597,1000,252.990881
200.191908,415,253.187408
240.152101,278,253.278202
263.026472,338,253.40753
269.105599,414,253.889487
211.148593,460,254.105314
283.479216,366,254.229849
262.928822,243,254.305542
278.179877,395,254.445543
103.050679,1000,255.404414
238.708278,276,255.50294
254.554242,274,255.597784
238.073756,255,255.687025
82.96345,1000,256.609453
251.520034,301,256.702188
244.572448,325,256.813542
239.207016,250,256.894286
267.078536,276,256.987947
249.605364,257,257.076915
241.290336,248,257.464656
290.7449,313,257.562839
147.220369,1000,258.038747
242.028417,343,258.166728
267.454187,483,258.678799
235.221375,247,258.758604
238.238718,433,258.94655
253.659404,372,259.085261
237.99664,359,259.217479
233.74703,269,259.300801
264.641604,474,259.816774
243.746522,384,259.962343
218.113161,257,260.046824
266.836559,327,260.164982
236.911291,331,260.300606
288.195261,330,260.436789
275.055846,350,260.866302
233.490998,251,260.945176
249.629178,235,261.017175
240.636194,250,261.093653
252.129942,346,261.223088
266.716792,245,261.306954
234.372713,464,261.797923
279.79805,459,261.996958
-27.618057,199,262.056514
222.592621,370,262.188483
241.567322,542,262.448038
136.180422,1000,263.231364
264.429544,302,263.333138
276.824273,614,263.621967
235.330037,362,263.782736
270.767436,342,264.204306
-37.137493,168,264.248968
288.438362,327,264.353802
291.949732,384,264.486537
286.457738,352,264.622636
241.170957,462,264.810501
267.172728,300,265.223072
234.512323,290,265.318935
225.355005,300,265.42396
-12.235539,161,265.466972
258.890308,310,266.219714
248.400279,388,266.346314
128.830982,1000,267.211733
238.819625,269,267.298424
130.585091,1000,267.761593
264.448961,326,268.185933
271.388187,296,268.27989
227.145524,259,268.362345
245.572359,202,268.419086
-15.545353,208,268.47784
-21.319537,180,268.529954
240.434133,255,268.608156
203.660248,422,268.777226
237.66998,507,269.290462
243.63531,273,269.379035
286.740673,315,269.493848
29.349976,233,269.564216
257.007509,293,269.656671
150.099906,1000,270.366425
248.761898,296,270.478003
247.611803,277,270.579672
255.626088,287,270.664111
22.295626,168,270.711794
249.146331,243,270.785693
260.354067,240,270.861869
179.691151,243,271.252637
220.384558,689,271.502721
234.349224,481,271.722124
140.541622,1000,272.598781
113.920017,1000,273.178345
283.548653,325,273.291691
280.826635,379,273.414222
232.608008,270,273.812986
240.746598,255,273.897304
274.014212,306,274.005499
249.583389,343,274.143528
232.21048,317,274.264289
237.806349,298,274.36237
275.218915,206,274.417988
228.250354,229,274.798095
278.081001,357,274.932885
-39.330336,162,274.976648
265.768645,308,275.079608
241.333505,305,275.176337
250.171613,314,275.29119
264.282633,359,275.442541
273.788368,257,275.844042
240.551827,284,275.939894
127.480429,1000,276.365014
268.863742,310,276.477803
254.905697,997,277.22054
237.323326,232,277.289428
227.731422,280,277.379722
200.8172,711,277.849437
256.962809,253,277.931314
264.377604,404,278.402028
240.862921,323,278.514882
234.41692,327,278.628741
260.162734,259,278.712941
17.825451,182,278.760699
251.371338,395,278.894672
250.541502,300,279.307215
275.287188,327,279.418401
279.99551,325,279.529792
117.133294,1000,280.583556
282.306695,315,281.014232
-17.480456,202,281.071502
234.549245,341,281.21326
21.93051,169,281.257783
26.914699,178,281.310675
23.858332,169,281.356224
248.216066,348,281.482897
268.449633,636,282.093677
264.13204,302,282.201557
229.492172,215,282.265089
260.237562,231,282.33623
255.924817,344,282.457397
250.764743,357,282.57505
223.3442,271,282.664101
251.54102,242,282.730684
271.493465,263,283.131608
240.331961,275,283.220281
240.682046,843,283.71986
272.827422,361,283.837033
271.11095,317,283.931791
90.149939,1000,284.954084
247.528009,338,285.081132
232.707301,212,285.142121
-11.730803,147,285.180925
270.463772,320,285.293734
239.835569,187,285.657034
283.989347,318,285.763659
261.30008,295,285.873945
269.134067,387,286.005533
284.86083,386,286.162471
237.953961,355,286.297027
232.696784,326,286.731691
262.210099,322,286.840384
239.414115,261,286.926379
241.74049,257,287.010577
276.087104,282,287.107657
-7.961989,220,287.170304
253.26989,222,287.240295
238.779208,379,287.697204
249.77,322,287.820792
255.500566,341,287.954206
-31.113679,182,288.006021
238.06282,174,288.054869
-35.832596,110,288.082834
259.823264,242,288.15624
252.551722,367,288.283268
23.967357,178,288.329593
247.793503,250,288.718238
244.913748,220,288.785307
248.310046,203,288.845536
262.519004,672,289.13561
239.951965,208,289.195376
265.979478,336,289.302387
256.659108,302,289.717434
237.0557,301,289.819438
2.812508,183,289.871469
250.040989,241,289.944599
103.953449,1000,290.487649
25.526439,196,290.542275
290.78044,327,290.959481
238.984137,361,291.098506
249.455558,223,291.167286
254.56218,733,291.5897
150.359296,1000,292.472303
239.504091,399,292.63059
252.46462,190,292.684543
252.123957,304,292.788731
250.215444,255,292.869274
269.411958,341,292.983404
242.102217,241,293.3663
203.33875,220,293.432534
264.722186,315,293.531791
260.0867,350,293.668316
223.946937,219,293.734708
242.490634,247,293.811496
220.535405,244,293.887493
222.091127,377,294.763529
226.113656,250,294.841179
19.554313,162,294.887431
242.294818,306,295.009454
224.077868,245,295.086265
258.239944,211,295.149505
230.053436,253,295.230513
240.092674,231,295.296536
253.941497,399,295.764113
265.527667,233,295.838376
280.017164,410,295.989422
232.905713,246,296.062075
260.088007,225,296.123503
123.170744,1000,296.926446
252.7011,245,296.998721
64.815808,1000,297.564257
264.765944,273,297.648405
214.778096,331,298.098607
-2.845339,190,298.152912
250.339446,252,298.233539
236.111736,850,298.626839
235.38118,254,298.706535
249.805652,234,298.778038
252.911625,286,299.185916
18.242814,181,299.235312
269.044646,376,299.412669
251.631175,247,299.490404
14.736798,172,299.539797
280.135719,322,299.657812
221.566118,390,299.814841
280.648853,357,300.248106
247.018321,351,300.3651
36.150961,168,300.409245
-10.481813,169,300.45515
11.335751,108,300.483236
233.295162,257,300.561187
227.950838,344,300.691994
272.740541,344,300.827824
282.363858,509,301.353468
235.559148,392,301.523753
242.002485,348,301.651789
87.818811,1000,302.139557
242.024837,212,302.517727
275.273486,419,302.664403
241.628297,240,302.739106
138.867924,1000,303.196859
-1.122882,404,303.651193
220.420673,391,303.811885
136.418935,1000,304.361609
243.863393,252,304.44803
239.663465,325,304.874136
269.699965,340,305.022299
261.283499,349,305.140995
241.79356,242,305.213954
-51.871318,201,305.272599
265.958094,334,305.383324
245.985972,384,305.542891
233.996638,293,305.953012
237.14425,431,306.143159
-29.288138,153,306.18508
233.657751,241,306.258232
269.548196,248,306.326988
246.405082,364,306.456151
255.524738,381,306.616907
233.003858,346,307.066529
264.119156,262,307.144232
249.387613,288,307.244355
228.791068,391,307.394549
-16.540491,186,307.447417
207.452145,316,307.564136
290.378365,410,308.012406
248.914023,370,308.88737
252.902726,445,309.088338
269.538866,215,309.154355
266.231654,431,309.343345
275.917412,266,309.425385
63.73905,1000,310.25674
259.079843,397,310.391871
261.025677,263,310.472029
264.095331,354,310.59542
100.267114,1000,311.352713
152.095738,1000,311.92315
226.467416,422,312.450861
242.54395,258,312.543551
223.798651,319,312.668592
2.807438,206,312.728162
18.843857,323,312.835521
253.404464,255,312.918302
270.525507,347,313.030446
235.805593,324,313.474906
213.431206,496,313.690258
280.356815,368,313.83449
274.976419,415,313.978161
104.052857,1000,314.897091
242.32498,311,315.012591
269.523052,359,315.141727
287.7924,360,315.288791
137.788475,1000,316.230686
275.996746,206,316.293795
227.438973,354,316.443739
275.40969,349,316.577375
227.410777,263,316.664299
256.892808,379,316.829554
223.820887,310,317.268999
254.820596,258,317.363725
244.535032,326,317.504441
34.356049,192,317.560943
239.323443,252,317.645513
242.772415,336,317.781219
144.662474,1000,318.679663
244.822786,423,318.872926
256.298939,504,319.058708
228.452089,265,319.143862
105.796127,1000,319.891412
238.095008,288,319.991952
240.817325,324,320.108204
249.191519,283,320.20229
259.522745,661,320.982749
123.216722,1000,321.50391
290.380551,392,321.654261
251.432514,242,321.733335
256.80707,286,321.827174
259.062965,425,322.32928
266.362463,231,322.405451
112.913777,1000,322.970721
249.324684,330,323.091595
252.748144,332,323.544101
295.371874,272,323.634789
232.419122,339,324.412967
249.674821,313,324.532766
291.217712,298,324.626436
227.093176,408,324.812699
253.15885,339,325.239221
295.6461,335,325.348263
292.868388,373,325.477269
11.686548,193,325.536724
18.361547,254,325.624856
252.743768,304,325.732302
261.166954,364,325.899261
197.222232,376,326.379131
276.74257,256,326.46233
251.588703,238,326.539238
287.088529,357,326.667735
221.540353,364,326.816283
223.440698,316,326.928168
152.094831,1000,327.926366
17.949325,198,327.990246
227.233562,416,328.17918
248.780657,316,328.293443
266.610498,252,328.382134
230.485318,408,328.855862
252.505298,381,329.012979
234.270199,578,329.307369
282.361803,327,329.416076
287.397926,291,329.518198
232.653423,320,329.957669
232.383945,344,330.089124
248.771842,293,330.197738
275.53221,323,330.316443
248.283547,281,330.419052
281.330261,366,330.573476
228.913031,477,331.131801
172.942409,1000,331.521753
246.001108,278,331.61289
99.556012,1000,332.535805
285.560647,396,332.668049
13.994589,204,332.733779
263.868991,258,332.825312
268.195891,455,333.013851
254.430142,692,333.661752
263.545322,255,333.74083
199.378682,1000,334.120456
224.438593,464,334.665593
242.443642,331,334.783603
250.58945,229,334.858442
246.776894,344,334.996844
226.47932,342,335.137757
281.733506,254,335.221812
251.799314,313,335.342231
276.345434,292,335.75993
292.46628,386,335.90783
291.031819,245,335.987215
171.928247,1000,336.412139
39.641249,167,336.46103
258.225031,794,337.204556
261.602679,347,337.321852
143.710211,1000,337.796812
251.671738,424,338.276688
239.707606,404,338.424118
161.468242,1000,339.390521
320.227204,310,339.794542
287.060738,253,339.874768
291.168422,279,339.963148
258.505868,376,340.089753
259.875456,247,340.171212
260.680106,253,340.253554
280.792875,385,340.419469
283.188662,355,340.872522
106.716556,1000,341.684717
127.883961,1000,342.468601
165.342706,1000,342.95624
37.946239,168,343.004897
257.80483,271,343.093618
279.879466,364,343.221616
108.65195,1000,344.120782
138.669945,1000,344.628806
260.075742,427,345.1254
269.926279,766,345.59335
278.438628,426,345.756246
141.008978,1000,346.674018
169.890835,1000,347.148736
307.17269,985,347.867666
125.27865,1000,348.644835
193.004388,1000,349.309325
294.497399,742,349.616498
125.412723,1000,350.035899
161.421502,1000,350.905663
137.102081,1000,351.577367
121.15056,1000,352.435518
36.643331,173,352.486043
136.594895,1000,353.257181
147.129588,1000,353.925954
266.292834,707,354.271681
306.708007,858,354.928141
253.343204,873,355.34908
96.364641,1000,356.814214
244.595357,880,357.32307
279.120199,302,357.428537
227.531992,616,357.999601
234.579151,559,358.282623
256.125132,428,358.448936
265.731193,700,358.787104
247.373906,288,359.190109
206.61777,468,359.440462
281.717601,247,359.52203
284.076172,499,359.690007
267.214063,363,359.810141
267.777927,297,359.911555
274.174734,936,360.625002
238.939375,870,361.063682
257.632345,374,361.520639
271.734435,384,361.664655
289.228452,250,361.739549
228.392586,329,361.854518
223.857648,348,361.993298
248.201476,351,362.126297
235.443047,262,362.210757
267.5456,227,362.594887
280.893122,381,362.73032
260.992729,270,362.82105
247.063506,278,362.908199
190.509395,1000,363.532688
242.40017,368,363.667132
260.882134,278,363.761048
225.029253,331,363.887493
290.256435,376,364.024208
209.559243,338,364.15277
278.363273,410,364.613681
257.595511,323,364.7236
267.41161,274,364.810156
165.923518,1000,365.180561
244.623264,389,365.352266
263.62196,335,365.79563
258.721491,342,365.928695
250.738051,250,366.008367
265.810613,376,366.137302
242.897288,289,366.245944
242.192662,262,366.329916
241.970834,273,366.724791
237.804829,432,366.885183
255.764811,374,367.040674
225.008486,372,367.197262
236.070186,363,367.333279
267.514409,356,367.462866
279.785693,253,367.850641
252.950962,275,367.938113
228.483267,355,368.06662
263.244451,328,368.172261
250.402439,363,368.294147
259.523477,415,368.442671
249.44691,350,368.87404
283.664276,366,369.025623
234.921495,383,369.170105
287.836581,305,369.266762
257.487209,287,369.367151
261.346924,268,369.448227
277.721805,403,370.355202
275.152967,286,370.446462
229.101927,363,370.589971
224.570192,250,370.668496
304.065135,270,370.753555
251.218857,235,370.829357
276.360134,231,370.899358
293.040854,260,371.287224
249.87872,349,371.410127
225.830042,294,371.508763
235.949848,238,371.584578
108.322905,1000,372.035259
276.528754,365,372.492591
256.125401,279,372.579366
259.641739,352,372.698544
256.934307,249,372.780345
243.553007,246,372.858177
248.527066,241,372.933527
269.475699,960,373.651262
251.739242,335,373.77276
23.672538,200,373.830817
256.274879,218,373.897445
136.647127,1000,374.657625
262.981855,288,374.746157
272.97342,239,374.826636
36.798346,295,374.924803
255.843543,390,375.076977
95.617038,1000,375.95396
264.859583,248,376.036259
247.988282,277,376.126086
269.85541,231,376.196808
251.133973,284,376.288879
242.341185,334,376.40483
291.515922,495,376.931215
254.908163,270,377.018187
257.277346,415,377.197677
246.48852,250,377.278143
261.49382,355,377.402513
282.940698,471,377.578377
253.231566,302,377.997912
236.360821,296,378.104788
260.43034,335,378.254574
266.022458,363,378.381487
244.361652,330,378.511824
272.732145,264,378.592381
250.954698,232,378.664317
242.762019,314,379.098429
238.041396,398,379.25299
229.241714,247,379.334574
279.808444,274,379.425121
24.895258,313,379.524048
27.350698,172,379.573754
289.451868,247,379.649941
267.483362,369,380.101958
258.613933,320,380.239644
171.633114,1000,380.60239
271.697313,368,380.751913
228.134526,236,381.145141
266.251974,255,381.224746
244.674945,386,381.398767
230.898108,489,381.651353
256.502981,260,381.738676
272.053919,717,382.327934
265.449415,248,382.409804
31.487939,188,382.464867
262.536672,548,382.74262
306.533612,292,382.83448
259.053917,333,382.958008
253.619439,354,383.424258
272.774157,569,384.16247
250.830959,367,384.30517
278.381543,297,384.422122
259.75299,827,385.231656
286.285694,276,385.33176
246.287747,362,385.455993
168.824052,459,385.675
179.897346,1000,386.40177
0.486811,309,386.506339
23.942441,189,386.564884
27.502216,191,386.622381
284.459998,700,387.025777
277.063181,229,387.102158
253.279164,388,387.568646
264.463374,416,387.714137
265.725422,283,387.804474
16.163401,312,387.925345
3.688694,317,388.043612
261.095425,388,388.18631
249.528238,361,388.630525
302.108623,274,388.731341
221.600952,252,388.816014
232.552459,240,388.892336
209.506319,279,388.983021
230.481159,286,389.076912
240.737913,262,389.167187
280.340115,281,389.263238
-18.161137,210,389.646199
240.967416,324,389.761435
256.333724,344,389.896454
230.588587,367,390.048045
265.102139,882,390.685144
164.888167,1000,391.064961
-20.512932,194,391.122371
143.973148,1000,392.009377
293.527752,275,392.098005
295.009946,274,392.189278
222.069322,263,392.270726
249.855344,245,392.350085
267.461752,257,392.434046
27.975252,208,392.496354
249.709701,654,393.123273
195.690856,598,393.415082
276.454724,284,393.507077
272.814302,252,393.591334
254.509438,370,393.724678
7.091466,316,394.154001
238.255354,260,394.236887
269.019627,254,394.3188
295.431581,288,394.408218
268.02264,281,394.505116
202.045356,516,394.71525
214.52114,361,395.181328
232.599885,363,395.325325
287.827769,287,395.412647
242.384149,379,395.574632
300.961188,279,395.675322
291.610246,344,395.791624
284.459388,371,395.925051
272.847873,354,396.379897
266.720947,319,396.492648
283.685304,276,396.589168
278.895158,376,396.729036
256.97831,411,396.890324
267.72055,395,397.36638
261.373702,311,397.475154
254.370499,318,397.587246
265.035224,364,398.288765
258.886944,368,398.419682
216.768324,312,398.538252
262.705299,281,398.638001
260.868241,364,399.094884
266.472861,351,399.213885
262.497251,300,399.324334
230.459762,287,399.417069
244.899659,407,399.60251
1.002564,305,399.704999
221.63292,369,400.18805
253.842935,363,400.317808
236.288078,344,400.44846
286.496388,390,400.595773
232.192957,335,400.726539
226.588771,370,401.213408
270.982837,436,401.410569
271.234905,252,401.497955
209.996363,370,401.635579
260.114407,374,401.769331
259.689868,383,401.946069
250.827917,409,402.430179
148.922752,1000,402.854135
253.740103,398,402.981459
12.349121,329,403.09325
260.90525,351,403.566767
250.748915,356,403.722126
268.559512,394,403.860551
236.464778,315,403.983091
239.839084,418,404.206039
279.928735,372,404.658746
281.136817,410,404.789834
260.350689,398,404.934651
222.737216,336,405.058526
269.505547,314,405.159156
270.833026,262,405.247645
261.36379,390,405.691899
257.301848,304,405.791982
227.3807,383,405.925843
272.268628,839,406.255036
242.52709,273,406.346817
253.49034,373,406.797722
281.244274,273,406.886645
255.923443,328,407.006366
255.241006,312,407.11169
242.920509,300,407.217654
222.524679,375,407.369867
246.710997,356,407.827803
57.646644,1000,408.317118
275.920794,322,408.427312
245.039728,271,408.518044
267.066371,391,408.959816
292.455142,287,409.046795
258.291662,298,409.145597
41.264584,258,409.228572
278.746836,286,409.315571
210.578753,326,409.422437
224.62936,423,409.615823
191.918437,523,410.128338
248.394722,305,410.242206
257.75864,279,410.342642
250.360572,333,410.460351
251.239692,285,410.556655
243.784409,293,410.662037
217.198253,299,411.078094
280.222134,288,411.168893
295.854607,334,411.277013
303.610617,319,411.37505
264.180472,337,411.985151
310.740085,262,412.081588
251.474737,300,412.1978
235.918189,367,412.653331
248.354403,325,412.769165
263.300392,286,412.864179
144.666704,1000,413.257553
310.678968,264,413.661521
254.77606,284,413.751105
227.386903,290,413.851353
245.570036,261,413.93685
276.382937,382,414.06918
25.263065,241,414.145899
253.262543,313,414.257545
223.584327,273,414.657385
256.537966,309,414.768269
230.505405,390,414.937979
259.871778,276,415.023441
199.262652,547,415.263536
285.412813,524,415.849428
247.320551,328,415.9611
275.306084,312,416.056515
262.837683,270,416.142058
308.918846,302,416.231191
120.10709,1000,416.91171
222.729354,259,416.994527
252.495001,319,417.100974
242.594985,739,417.390319
289.539217,297,417.497535
281.04886,400,417.948941
242.911539,374,418.075505
277.586332,337,418.186618
260.379761,480,418.426398
282.527307,412,418.579623
-1.036646,233,418.965507
181.556643,1000,419.423946
224.593094,419,419.597398
148.1739,1000,420.407795
151.474756,1000,421.114465
151.697122,1000,421.966963
4.319829,231,422.036931
160.850097,1000,422.500551
83.338863,1000,423.444051
153.840345,1000,423.952457
195.344215,1000,424.721638
267.759735,807,425.076681
295.111297,870,425.732144
279.066642,435,425.892273
247.584788,314,426.011016
126.529393,1000,427.077806
243.957243,365,427.537623
241.344277,363,427.679577
181.470287,1000,428.054818
277.793652,385,428.195439
231.092946,298,428.608371
264.491967,307,428.71072
250.623577,304,428.805906
226.653076,299,428.911058
242.951701,320,429.022293
271.775679,323,429.129862
252.825565,325,429.558071
285.644987,303,429.667836
252.831307,367,429.810975
248.520799,292,429.913625
244.37748,329,430.026041
291.93699,277,430.118599
133.904029,1000,430.809778
250.290595,294,430.916786
293.369853,305,431.022673
252.895166,285,431.125632
231.689935,301,431.228121
242.892545,320,431.653997
230.600456,317,431.768044
265.278483,872,432.111831
265.89937,335,432.229561
258.733737,364,432.35849
223.351414,479,432.874549
266.698191,292,432.983661
260.451227,272,433.079879
266.590292,318,433.191601
255.419642,308,433.30413
233.678254,489,433.83234
148.495792,623,434.129376
153.604205,659,434.49577
251.227759,345,434.642149
184.991267,541,435.243793
245.880701,301,435.359612
272.993501,307,435.472129
273.070827,315,435.584052
277.764184,906,435.972202
244.037184,318,436.389345
258.033148,315,436.495268
228.224439,292,436.591264
217.430883,435,436.797502
222.294508,262,436.886293
256.53465,333,436.992254
230.038383,262,437.389035
281.999869,307,437.500199
10.258485,276,437.591614
275.05271,342,437.713942
261.794174,322,437.819639
257.645149,277,437.917894
272.473381,316,438.022124
169.650601,623,438.675831
256.863649,418,438.817777
243.769663,268,438.907741
253.156908,294,439.00609
272.571697,338,439.130005
269.376228,323,439.554722
261.073412,792,439.937325
275.613077,332,440.040946
239.424146,329,440.153266
277.054246,361,440.269133
261.64419,277,441.140978
272.905616,358,441.27362
273.542603,361,441.395705
270.074792,316,441.50396
275.64753,270,441.594785
254.899952,295,441.686557
164.670562,1000,442.610171
227.760411,308,442.721385
251.759026,301,442.816446
231.294934,289,442.91279
273.903101,287,442.999329
285.707213,277,443.408221
261.777061,275,443.492014
258.96379,428,443.653715
302.754757,284,443.756733
256.294702,293,443.871717
247.497189,337,443.996225
266.216036,343,444.432967
244.0227,361,444.595835
284.566889,319,444.702553
288.547624,296,444.796077
294.314496,306,444.890818
274.224996,356,445.012573
277.179543,353,445.135539
256.419453,338,445.566372
258.700435,332,445.705617
294.266246,297,445.796237
269.398843,291,445.897316
240.883641,368,446.02502
264.693968,314,446.12615
224.839647,258,446.52371
39.102623,228,446.587209
211.483534,326,446.705925
294.012137,287,446.793651
217.907533,346,446.927459
254.585389,312,447.032624
292.14524,347,447.147402
-56.788532,82,447.167222
294.970585,343,447.600516
254.709562,291,447.694939
237.605531,352,447.839832
262.2528,322,447.95924
236.049447,331,448.082876
302.719026,289,448.176707
279.242446,330,448.596436
239.63815,339,448.724607
260.729901,305,448.846086
277.455794,320,448.950305
258.382878,299,449.051694
251.246039,313,449.168506
292.666099,342,449.591896
265.12758,302,449.69468
254.899887,323,449.809153
294.832849,315,449.909894
252.76899,312,450.018321
238.282112,345,450.152419
252.579143,259,450.234657
285.886065,355,450.663839
284.120765,362,450.788218
251.823688,327,450.898587
285.816869,308,451.023617
249.998237,411,451.183519
243.617801,331,451.308816
272.031469,305,451.719658
257.182976,317,451.837197
257.792237,262,451.930995
277.074753,322,452.033296
220.237782,357,452.159012
201.960713,485,452.385911
292.401097,280,452.803191
248.453573,309,452.915118
267.586348,307,453.016703
285.80088,303,453.117673
253.831596,321,453.22872
239.068392,318,453.350865
229.610657,327,453.782118
250.265149,841,454.604984
233.00971,299,454.705907
268.54782,295,454.807221
256.513182,255,454.896977
285.565174,320,455.002206
267.957452,302,455.420102
275.065027,308,455.53753
233.540238,317,455.646896
216.028267,285,455.746197
256.498353,310,455.866731
249.809442,324,455.97818
254.644309,322,456.421663
248.868269,362,456.565183
283.707122,310,456.67518
267.838914,294,456.778221
280.351057,289,456.884202
7.888958,250,456.966952
279.007115,273,457.057324
249.305249,321,457.500441
281.485468,329,457.612217
265.889645,356,457.754217
265.043425,315,457.877478
244.542114,309,458.00709
275.465835,317,458.097735
218.903434,298,458.512773
230.962993,299,458.6094
279.977285,348,458.729303
-13.01981,272,458.818075
255.433,316,458.919877
21.344331,248,458.998927
262.558762,723,459.581088
283.938494,336,459.689557
263.88431,340,459.818397
280.474396,316,459.922342
212.584081,295,460.024549
256.497159,319,460.150066
227.674483,296,460.566468
231.109343,332,460.683337
256.076621,298,460.787624
168.548275,494,461.01334
265.694356,263,461.103027
282.396663,316,461.202925
192.221892,642,461.783398
231.907797,312,461.882746
214.963659,482,462.115407
245.566318,632,462.382979
277.916498,299,462.801216
286.349826,280,462.894792
249.299645,338,463.003291
254.189245,381,463.153386
251.552048,279,463.244805
223.692991,294,463.342933
303.380219,284,463.432747
233.489549,328,463.870243
-13.191143,237,463.947079
15.865759,99,463.972024
259.546835,273,464.070706
274.140369,314,464.165844
247.798594,306,464.266862
258.852395,307,464.371716
278.475619,347,464.800039
268.082518,263,464.894055
265.124741,321,465.010211
229.014198,606,465.360363
262.446877,767,465.673839
270.818801,345,466.104295
236.277848,363,466.245628
-44.906542,256,466.324891
230.684484,534,466.609289
274.24368,295,466.715686
258.332669,308,466.815968
264.977886,303,467.225354
-39.400339,262,467.309471
241.972422,269,467.404423
223.360707,362,467.990092
274.927309,322,468.093347
252.239517,650,468.685053
37.971338,238,468.758369
239.829156,357,468.915583
266.413424,313,469.013794
224.532588,348,469.153263
265.080215,327,469.270316
232.888908,430,469.747538
265.568815,352,469.861913
278.806618,311,469.979895
263.628367,328,470.086263
262.422523,302,470.190488
266.158666,357,470.329914
-43.518397,252,470.406606
285.198119,320,470.832906
204.960308,289,470.928312
268.072363,291,471.020412
238.799831,385,471.182129
196.192244,543,471.372033
242.068554,350,471.806606
225.454879,345,471.93299
273.263645,295,472.033962
289.64453,369,472.166033
226.068627,493,472.406344
275.962074,349,472.513055
223.958887,323,472.947845
258.952578,291,473.053803
217.522472,314,473.173457
275.304455,348,473.29628
-25.684477,230,473.368218
281.500793,305,473.472379
-15.701635,233,473.54483
201.119941,324,473.964706
1.583081,217,474.031861
245.589599,285,474.126433
226.9783,316,474.241656
254.315497,363,474.368693
245.16509,351,474.494907
-7.709527,212,474.559342
246.291184,366,475.007112
239.732783,278,475.09618
276.452159,369,475.210381
221.044036,342,475.334547
274.286359,388,475.470885
261.762656,327,475.572252
241.937795,354,476.031666
257.5194,345,476.153756
258.049328,318,476.281295
261.778345,315,476.398239
280.681578,363,476.521582
256.596637,337,476.647465
262.92313,252,477.044631
247.516872,371,477.189348
254.04879,401,477.333643
243.955882,347,477.454
240.78691,332,477.596767
277.431256,305,477.697663
288.184873,348,478.120774
251.30957,356,478.249017
228.359441,909,478.795447
281.4343,341,478.917584
268.276177,309,479.322292
221.403301,315,479.43342
264.383973,537,479.661128
259.776944,383,479.815252
217.077065,307,479.924707
270.191353,312,480.030125
241.337878,369,480.491179
278.260017,353,480.620076
258.141682,398,480.765621
241.402523,387,481.422923
