#{"t_start": 1784296886.7989986, "env_id": "LunarLander-v3"}
r,l,t
-256.413422,109,0.02994
-194.690264,61,0.044714
-118.130362,87,0.065886
-108.484087,91,0.088197
-272.392792,113,0.116656
-81.368976,70,0.134108
-227.409055,69,0.151579
-447.808412,107,0.178442
-70.508139,119,0.210901
-346.967324,80,0.230597
-95.788983,81,0.250284
-311.207962,65,0.266411
-259.774829,85,0.287482
-51.63196,64,0.303177
-355.224952,90,0.324746
-111.141578,79,0.343777
-166.639647,69,0.360104
-201.457659,106,0.385282
-78.693009,84,0.405785
-195.033732,129,0.438241
-265.41455,96,0.462253
-40.208996,65,0.478902
-168.128636,91,0.502164
-99.573922,63,0.839885
-352.063487,118,0.870647
-158.948605,80,0.890873
-271.871268,92,0.91392
-57.852146,70,0.931848
-118.122824,92,0.95486
-121.337633,84,0.97581
-58.031791,79,0.995621
-112.79089,111,1.023813
-321.099447,113,1.053597
-49.441421,75,1.072526
-233.583303,146,1.111924
-188.670952,104,1.138303
55.992583,1000,1.925291
-239.503129,80,1.94662
-81.911978,72,1.964432
-71.529872,78,1.983788
-259.163555,96,2.008106
-21.638474,73,2.026754
-31.34561,111,2.055799
-29.782477,106,2.083159
-202.514025,108,2.111187
-132.711794,75,2.130028
-103.309595,78,2.14967
-103.483841,88,2.17187
-91.770659,84,2.193696
-111.340096,94,2.217427
-67.027591,71,2.235214
-298.010817,95,2.26005
-73.935475,116,2.289985
-125.261526,124,2.322028
-148.753157,83,2.342129
-148.49859,136,2.37821
-173.875715,95,2.402167
-138.341017,75,2.740384
-149.915647,141,2.77773
-371.724167,146,2.817483
-200.851814,87,2.839906
-291.357978,157,2.881676
-79.28348,108,2.909428
-161.600076,112,2.938064
-51.104319,146,2.978118
-314.855573,116,3.008999
-154.310101,91,3.032047
-238.350777,124,3.064522
-326.477763,185,3.116459
-194.574478,121,3.149969
-86.513077,81,3.170888
-338.480508,111,3.199682
-117.393651,117,3.230121
-80.739988,65,3.246532
-311.168049,174,3.613379
-199.528921,183,3.664204
-51.304086,113,3.693675
-98.986512,87,3.715865
-47.143475,76,3.735187
-342.424507,184,3.78521
-339.657076,138,3.821896
-103.358558,102,3.848282
-267.593167,104,3.875566
-21.072805,140,3.913931
-383.941022,126,3.946933
-291.849998,119,3.978359
-131.717548,128,4.01103
-184.122736,126,4.04445
-93.788511,76,4.063864
-361.117242,114,4.093461
-237.961611,121,4.124646
-109.437477,121,4.476875
-119.036281,113,4.507026
-23.828036,114,4.536539
-81.06132,140,4.573595
-65.602949,136,4.610233
-111.967738,159,4.654402
-28.135348,163,4.700758
-33.363451,99,4.726407
-272.150662,144,4.765762
-45.780227,137,4.802278
-104.897913,87,4.824347
-91.843141,107,4.851768
-36.268914,91,4.874806
-104.077045,181,4.925705
-82.115405,141,4.963885
-104.334543,162,5.329414
-341.86903,187,5.382496
-194.881324,208,5.444592
-334.742787,260,5.526291
4.364863,104,5.554936
-341.284988,165,5.600549
-320.274326,210,5.661106
-96.275423,136,5.696735
-182.685753,115,5.72682
-41.126773,173,5.774586
-284.066809,224,5.839265
-23.151471,105,5.866011
-392.818027,215,6.239242
-197.736762,154,6.280395
-82.260489,81,6.300545
-71.483389,139,6.337029
-67.292146,204,6.394864
-248.826281,160,6.437472
-241.733936,157,6.479073
-67.994402,124,6.511978
-44.551606,199,6.566866
-36.020654,129,6.600794
-0.458339,157,6.643391
-195.242281,213,6.703561
-156.761522,88,6.725961
-81.445735,174,6.772987
-198.138003,284,7.191976
13.391432,123,7.225259
-83.956472,124,7.25895
-209.749826,260,7.342654
-244.076657,163,7.386883
-158.831038,182,7.437266
-81.408997,207,7.497807
-299.217104,202,7.553816
-82.501087,284,7.652657
-237.676109,275,8.051043
-53.907738,215,8.116507
-89.372875,259,8.19354
-13.396651,141,8.23189
-246.126745,227,8.300759
6.120163,1000,8.953397
-318.074629,183,9.318061
-39.647489,235,9.387231
-349.853905,245,9.462595
-45.025375,136,9.49888
93.730289,1000,10.23045
-43.278555,125,10.263967
-199.158501,204,10.322227
-140.29316,176,10.681236
-215.107625,266,10.761093
-56.479186,288,10.855655
-196.591856,172,10.902608
-130.920912,330,11.014026
-204.916241,326,11.136668
-4.31672,181,11.187996
-385.523238,197,11.243158
22.275097,190,11.297224
-4.619551,131,11.648281
-71.191852,166,11.694238
25.590614,182,12.378283
-11.192866,306,12.486458
-24.692367,174,12.534745
11.824583,236,12.606215
-184.4995,158,12.651336
-64.016925,211,12.713788
-29.800892,218,12.780743
-79.610149,195,12.836834
45.462019,1000,13.679482
13.700272,198,13.737106
118.527596,1000,14.647383
95.75822,1000,15.278265
-149.602207,357,15.39696
-32.756366,317,15.499185
111.370588,1000,16.295977
-41.58784,457,16.491397
-8.158791,291,16.593444
-21.382494,273,16.689823
-61.791085,249,16.769942
96.646204,1000,17.7062
97.155241,1000,18.295979
-68.835801,348,18.903546
-67.393326,383,19.089894
86.649491,1000,19.973232
156.539996,1000,21.083559
-32.196412,301,21.197189
-24.114132,270,21.298733
146.1517,1000,22.663538
-16.097635,350,22.805614
137.211349,1000,23.308655
-0.536898,398,23.478894
21.611456,265,23.878255
67.954317,1000,24.589515
-2.756044,192,24.643821
-14.726398,391,24.786341
69.442316,1000,25.628052
130.855786,1000,26.280069
-46.344929,340,26.410655
121.638619,1000,27.301769
121.938392,1000,27.933433
-11.82422,243,28.324679
-33.123987,273,28.412619
56.301374,1000,28.818219
-0.136349,1000,29.63124
-18.744006,200,29.693704
115.865606,1000,31.270325
-31.418044,211,31.332709
-1.379822,285,31.437394
-164.59301,732,32.335053
-141.432302,594,32.639032
108.742852,1000,33.55073
72.948533,1000,34.057491
208.426642,881,34.824934
188.656555,985,35.433505
-75.277285,292,35.528956
209.441292,741,36.21691
-24.877632,209,36.2778
219.337771,507,36.540118
205.784886,738,36.971048
205.388199,488,37.206989
19.989647,189,37.573674
269.258549,387,37.711235
-0.976232,345,37.84603
206.880606,340,37.988257
173.547392,737,38.47694
-2.401055,179,38.838368
-9.07401,220,38.90135
239.204596,491,39.089897
221.500308,333,39.200711
170.436649,619,39.487042
214.193297,297,39.593117
222.146597,368,40.055581
246.596371,375,40.177944
233.357891,386,40.327047
251.224166,402,40.507857
227.649156,283,40.597104
198.18921,548,41.191571
253.195393,290,41.296739
220.504028,482,41.491268
254.226008,376,41.649145
253.383888,380,41.792749
-29.964934,292,42.207465
-0.780818,229,42.278779
225.060532,353,42.4125
181.263567,655,42.708163
223.723913,298,42.805475
221.653211,354,42.946292
220.378463,323,43.382506
233.669446,459,43.606982
229.083326,342,43.731069
254.764221,341,43.861309
-14.468654,332,43.976303
-2.404254,261,44.055765
163.706786,876,44.862567
216.756352,496,45.089545
206.571684,312,45.20776
216.407242,529,45.747399
223.998239,318,45.871333
-14.695089,254,45.950764
-47.030021,315,46.08763
241.761498,417,46.828523
253.447227,331,46.958167
215.673828,410,47.470876
260.173673,283,47.563653
117.924472,619,47.802518
242.727922,321,47.908475
141.405677,587,48.206424
222.488094,273,48.608456
226.243539,347,48.742671
236.648604,334,48.85048
246.71885,336,48.969237
232.654248,294,49.061206
234.770118,299,49.163822
13.469928,184,49.214786
-35.796691,332,49.644974
-36.014735,291,49.746517
261.746684,366,49.892195
265.103466,367,50.035058
244.589945,348,50.164777
250.978044,310,50.279295
15.436742,307,50.690174
244.096914,441,50.866055
239.487087,296,50.96556
248.785921,279,51.053174
28.044265,177,51.10127
261.041924,250,51.184356
246.88363,300,51.292636
264.90253,348,51.729961
249.33275,355,51.860447
261.383048,263,51.952335
262.649894,286,52.043911
261.428979,327,52.173533
238.345704,319,52.280725
251.502178,271,52.368858
247.056594,333,52.799232
227.744557,298,52.896367
7.734223,166,52.943546
248.546953,392,53.090011
264.959845,414,53.238997
259.629718,302,53.353464
-158.861582,391,53.817827
252.985016,286,53.91773
236.914742,299,54.022372
241.654791,268,54.105202
276.58949,258,54.188162
149.475047,843,54.851009
224.135069,266,54.932838
248.710982,312,55.042104
-15.12955,302,55.152885
236.377347,288,55.255491
-22.998276,182,55.307791
229.547186,259,55.38748
233.50465,327,55.507707
260.937259,390,55.975135
261.76861,326,56.099934
234.663087,377,56.249757
25.304478,260,56.337074
240.447786,273,56.435163
239.512714,274,56.529823
2.803978,274,56.927764
192.545115,448,57.095624
-29.388995,200,57.152396
219.135217,337,57.271383
23.057501,158,57.314179
238.459095,320,57.420348
261.768563,237,57.488669
-15.030606,160,57.532685
265.603251,258,57.929238
-13.161761,176,57.9803
37.172943,264,58.057598
257.004523,266,58.144566
-7.092665,265,58.232293
234.331765,296,58.333727
267.157845,257,58.417372
119.398167,431,58.879174
269.420272,328,58.997151
11.608037,231,59.0753
249.389826,346,59.211878
247.068337,283,59.301651
222.521587,334,59.415174
223.750331,297,60.014114
3.420003,250,60.409385
238.038075,233,60.47834
17.467396,188,60.530143
1.749347,253,60.60545
274.714806,294,60.724975
249.314418,302,60.829355
167.016413,473,61.022801
220.604073,291,61.431196
232.896006,257,61.509532
233.714815,249,61.581945
157.6513,354,61.702635
209.134717,271,61.788207
247.094356,349,61.913566
266.022713,445,62.0993
264.949751,306,62.505837
254.545988,424,62.659856
241.896422,309,62.764654
235.888902,276,62.848935
1.531646,184,62.902643
8.055475,199,62.965701
35.74568,219,63.032882
-112.869123,425,63.486703
239.434656,288,63.583215
-12.808541,245,63.664739
248.717001,310,63.769544
256.297884,290,63.857364
20.385897,131,63.891544
237.1028,321,64.000547
16.145413,172,64.048016
263.388686,210,64.420567
161.94996,468,64.610112
231.232368,308,64.726386
238.758506,399,64.882771
250.168726,260,64.957922
239.182594,259,65.039921
248.107192,250,65.421731
73.014531,1000,65.916563
149.562697,490,66.177067
243.547315,290,66.282184
202.570566,585,66.872985
254.066269,291,66.976421
-172.624773,397,67.118642
231.317293,502,67.348047
127.800885,467,67.541092
264.193716,351,67.96954
-13.402223,264,68.057084
231.27073,448,68.22097
95.872057,1000,69.063429
199.206964,373,69.229183
231.741562,280,69.319043
256.353849,360,69.433882
262.372493,389,69.570939
239.196514,351,69.692081
199.970789,398,70.18043
259.324744,314,70.280495
249.395533,315,70.399255
-48.457664,254,70.477198
88.881508,1000,70.877452
14.211799,257,71.275119
91.751205,1000,71.761333
0.365346,334,71.887426
148.912335,607,72.540194
-25.676757,251,72.623803
260.542568,448,72.790735
224.768612,409,72.941834
262.281194,418,73.082138
191.456375,352,73.23394
5.229905,127,73.583507
295.141125,402,74.302063
272.478742,419,74.458091
240.856405,315,74.575525
265.204972,316,74.68201
187.529053,437,74.857451
35.145338,274,75.265583
235.196452,305,75.379069
222.906329,295,75.479522
265.982049,328,75.589869
232.290306,296,75.705724
228.279139,332,75.828525
231.026459,331,76.263427
-19.544761,228,76.336785
272.285084,339,76.460589
249.675432,315,76.588479
228.014437,459,76.789928
248.380305,364,76.940345
10.396631,257,77.021435
246.184848,365,77.47867
275.875355,319,77.581674
-3.732948,235,77.647517
263.957244,316,77.744792
257.228573,313,77.856628
-52.811922,221,77.92413
243.466175,336,78.05751
256.244937,331,78.480949
20.329946,190,78.535095
238.095846,355,78.65887
-7.786397,251,78.738315
268.704485,323,78.865528
210.701815,382,79.016964
244.000637,432,79.470545
233.87687,320,79.586667
223.008782,288,79.69277
284.353066,321,79.807869
258.785803,309,79.916173
234.045852,432,80.093275
5.388199,233,80.477506
212.308194,387,80.625899
244.660516,343,80.758518
245.380267,351,80.890941
249.443131,356,81.026161
11.277231,142,81.065058
18.316107,128,81.09983
-11.402528,228,81.174652
240.155826,375,81.609128
244.218861,333,81.731661
254.847333,343,81.854078
7.65922,169,81.900739
263.205977,311,81.998968
225.268797,308,82.110064
-6.414481,184,82.16286
286.770138,383,82.61226
245.474837,369,82.753357
2.514423,271,82.84193
35.696275,273,82.931313
227.906209,339,83.056036
268.493873,545,83.567913
14.143839,273,83.655389
256.353743,335,83.793359
264.890122,323,83.907641
12.441288,289,84.00404
205.79686,432,84.204011
233.121553,286,84.299089
247.948717,327,84.725748
3.510226,252,84.80335
231.535254,329,84.919021
240.795495,310,85.026825
221.614808,420,85.190241
265.991619,411,85.332908
-16.612482,234,85.720807
274.942952,325,85.829501
1.620841,288,85.930887
224.030467,385,86.078461
244.399223,411,86.241292
313.468301,396,86.360604
268.559994,382,86.806462
-7.476896,264,87.401803
0.083557,241,87.476554
250.637589,322,87.586823
258.29346,297,87.701996
22.212707,262,87.777688
8.519974,266,87.863269
240.745047,319,88.278559
252.857081,317,88.409383
194.939933,274,88.498754
237.885797,214,88.55852
223.068053,317,88.668448
-17.62788,240,88.743979
234.317102,265,88.821257
256.050854,466,89.307673
224.754308,335,89.422833
281.317175,401,89.549042
244.428955,316,89.656741
258.576647,346,89.779242
-71.721769,457,90.227368
225.774451,331,90.344782
-2.301338,235,90.412322
227.343921,333,90.539012
-2.201115,113,90.569328
227.925369,331,90.694812
172.822169,510,90.934547
256.571439,356,91.397516
226.884633,314,91.514457
175.172492,551,91.774009
193.111583,452,92.011503
211.547133,323,92.126263
-14.700735,213,92.50349
216.10048,366,92.657824
36.912251,133,92.69405
102.118699,1000,93.113092
270.066839,329,93.223806
258.704547,487,93.69233
297.953446,357,93.801321
230.362914,469,94.051852
156.904797,605,94.407835
154.717606,791,95.176187
200.736911,542,95.413541
226.859667,568,95.651109
10.902998,1000,96.440474
250.419361,453,96.655884
260.202948,320,96.778663
246.224642,356,96.888472
228.495793,330,97.018144
281.195201,332,97.438489
265.688904,307,97.554938
272.707976,453,97.725886
249.644785,291,97.81876
242.9951,365,97.957284
251.50174,385,98.40773
213.925489,383,98.543357
218.401691,381,98.703703
264.016153,398,98.857767
225.691063,410,99.006604
-41.081782,277,99.102887
268.12922,349,99.531551
-166.870617,899,99.88798
254.333606,351,100.014811
279.396507,343,100.136473
294.123661,370,100.576617
144.189388,466,100.807975
244.202018,395,101.703045
148.889917,564,101.976897
-19.570255,1000,102.87481
127.80113,772,103.27226
168.753328,571,103.580504
240.597258,363,104.019391
228.591136,396,104.208222
226.147062,439,104.374458
268.821426,392,104.504708
248.268474,478,104.728749
207.421214,379,105.196325
-10.072912,254,105.270766
252.894981,395,105.397779
262.158503,232,105.465029
262.031257,287,105.563978
223.165161,420,105.731996
243.631924,436,106.226421
252.163717,413,106.395141
259.9118,335,106.507694
24.527807,286,106.599236
271.982119,379,106.741225
-17.872781,250,106.820944
215.992077,395,107.289217
278.541918,347,107.400395
214.742652,403,107.551033
6.002442,284,107.640677
226.97264,379,107.777306
292.181257,331,107.887252
290.357923,349,108.320987
282.27323,438,108.47502
268.18852,381,108.608904
239.467867,318,108.725084
259.744177,788,109.378078
259.369119,326,109.511554
-117.799251,346,109.615358
233.547077,324,109.7379
240.369287,357,109.88675
227.543618,366,110.030363
262.845628,383,110.474303
225.163052,425,110.680359
232.940669,391,110.855308
272.350616,380,111.007069
235.240727,427,111.222799
280.031867,379,111.652059
273.538692,314,111.761848
240.61632,450,111.941578
275.764686,320,112.041078
281.092016,353,112.178386
224.364129,371,112.31838
234.380183,410,112.819661
219.253686,429,113.010096
220.033184,495,113.247685
288.353683,321,113.349385
233.264729,408,113.525422
219.710138,406,114.017266
234.719321,393,114.186983
238.100401,370,114.335511
250.553923,367,114.474048
280.208253,303,114.577134
272.151962,316,114.678593
279.472341,311,115.086126
245.882464,360,115.226005
227.503716,387,115.370696
298.094532,302,115.460432
279.727397,311,116.26468
139.311882,555,116.807683
287.219176,347,116.928348
228.278337,362,117.069906
252.366452,297,117.175843
208.526683,378,117.328588
242.511465,424,117.516754
275.22865,311,117.943209
212.48643,346,118.085164
250.005634,343,118.213432
245.498628,344,118.344564
224.285698,360,118.504947
245.266504,380,118.668027
244.795322,362,119.141228
246.251577,390,119.271303
252.611526,332,119.386143
21.754566,198,119.444028
253.981012,395,119.589894
255.825627,336,119.718719
262.349296,353,120.170577
264.463678,323,120.277739
294.13139,290,120.369727
202.396292,526,120.579861
228.570964,388,120.740612
224.258401,346,121.19005
264.793938,312,121.293505
244.515544,378,121.421762
219.582179,350,121.566626
238.533484,394,121.72002
231.685064,349,121.852509
54.836881,196,122.221885
283.633958,309,122.329795
243.88567,384,122.468003
240.549377,328,122.576978
226.669944,383,122.724278
254.857696,314,122.825713
237.395534,311,123.258278
261.370955,296,123.359509
255.654866,265,123.451813
251.77635,305,123.558825
263.055247,286,123.648358
231.797519,324,123.762073
275.153856,277,123.865714
239.942679,303,124.282562
24.044536,289,124.36867
264.707095,269,124.456673
277.821634,312,124.556181
262.559962,276,124.652383
248.581525,305,124.751564
239.790136,281,124.846417
246.59566,272,124.936132
283.664431,249,125.326586
31.891212,224,125.393095
234.022358,330,125.510616
257.76076,524,125.685594
206.959801,339,125.803896
268.948046,290,125.895177
259.35021,306,126.304835
191.610045,618,126.545282
247.584699,319,126.673934
207.13205,351,126.806933
234.577988,293,126.914846
248.755948,274,127.004886
279.730613,431,127.455967
241.203563,287,127.557964
146.737866,536,127.758254
171.889633,474,127.933178
202.507919,354,128.372656
231.643802,308,128.474856
18.307355,279,128.560723
-14.5895,196,128.620884
200.087141,612,128.931432
248.078655,281,129.031829
241.6921,329,129.717103
250.923193,266,130.124838
221.970195,296,130.227996
244.982999,284,130.320089
206.056373,366,130.438209
273.047629,363,130.59167
-24.23112,253,130.678762
281.827252,303,131.089968
240.702084,286,131.177943
267.850446,317,131.279568
198.713324,286,131.377602
243.999273,279,131.473865
251.225458,326,131.594297
253.655509,326,131.712711
231.789426,319,132.127866
261.473199,286,132.2243
262.640314,292,132.31678
247.683313,384,132.464122
240.120211,305,132.57806
237.469441,287,132.675215
83.852279,1000,133.388389
266.088208,918,133.789468
-22.683388,238,133.864263
275.449221,298,134.273132
230.27732,335,134.402626
0.37875,295,134.503606
127.288446,628,134.813241
237.252324,305,134.922251
-6.764648,295,135.031576
238.526401,369,135.484204
257.244635,366,135.617791
248.903116,367,135.760711
249.893962,300,135.861542
243.846789,280,135.958368
196.800437,525,136.465288
178.422954,486,136.639897
236.732185,310,136.753938
278.004359,345,136.885664
246.180558,286,136.985858
260.121266,305,137.099498
275.783569,268,137.186908
228.219674,376,137.640934
235.235812,385,137.798636
253.641543,311,137.922918
266.539208,305,138.027063
249.586891,408,138.18749
235.646304,350,138.634796
256.621195,439,138.814074
249.912851,444,138.976218
240.046783,531,139.220639
270.834644,279,139.317081
236.498963,376,139.775205
248.690368,418,139.935146
273.11076,322,140.061954
226.181106,383,140.217817
257.509487,459,140.400429
213.019049,358,140.538894
252.203879,504,141.058661
209.826283,348,141.202205
282.060147,278,141.28525
10.909223,1000,142.076956
233.983278,459,142.241095
-0.254513,202,142.29928
241.999523,376,142.471633
277.598416,302,142.575124
251.71605,282,142.675714
222.024602,386,143.131134
277.651721,322,143.848141
299.874315,537,144.054268
254.112705,277,144.141587
251.318951,343,144.264709
263.608867,314,144.367141
