#{"t_start": 1784146384.278301, "env_id": "LunarLander-v3"}
r,l,t
67.577845,140,0.416614
147.347683,1000,0.623579
147.906776,1000,4.316267
146.757311,1000,4.522
24.946059,180,4.558395
152.451013,1000,5.065737
24.144344,218,5.109124
11.375196,163,5.142286
32.475791,147,5.17144
15.431311,188,5.20849
-11.081598,205,5.249321
-24.992477,194,5.287419
-69.289757,199,5.326624
60.913795,154,5.357345
142.165785,1000,5.866052
29.228133,196,5.905147
-27.155986,208,5.946529
47.684533,161,5.978786
58.45677,180,6.014841
51.892209,193,6.053346
19.579248,158,6.084485
152.706648,1000,6.590768
23.777476,203,6.631309
-16.925199,199,6.671125
248.773981,333,6.738157
0.100563,175,6.773329
-56.090752,169,6.807113
22.622169,200,6.846605
44.964591,149,7.179628
-3.661429,184,7.216539
261.030773,355,7.287892
61.381041,189,7.325493
114.194468,1000,7.529693
9.826079,195,7.568495
271.549099,317,7.997129
129.749279,1000,8.197886
19.727129,231,8.243434
249.012501,802,8.705586
-15.443291,220,8.749254
38.502555,200,8.788736
53.662097,232,8.835805
-67.4088,260,8.887386
271.415052,255,8.938728
-34.620251,182,8.975131
30.664,257,9.025467
171.180691,816,9.491693
246.284556,883,9.669273
10.668503,197,9.708214
244.993817,375,10.084452
226.399407,398,10.165205
56.890766,228,10.210211
247.707235,364,10.282508
231.358809,351,10.351603
243.755211,329,10.416304
223.011324,620,10.844018
-25.687421,225,10.888703
259.13649,377,10.963672
-38.824481,229,11.008777
256.444976,469,11.101999
251.774515,354,11.172976
209.892515,385,11.551586
-30.554893,223,11.595821
225.68372,495,11.69519
-26.620284,265,11.747306
233.926517,331,11.812257
-32.27486,232,11.857927
273.534719,307,12.226531
240.168806,414,13.969277
193.752439,344,14.037613
-134.156333,221,14.081222
-38.627224,192,14.119861
232.750022,495,14.219362
229.63601,386,14.598514
-35.089192,213,14.641313
-29.022313,222,14.685637
217.865422,353,14.755512
-32.873463,302,14.81601
255.671126,369,14.888662
14.115909,295,14.946754
254.198582,344,15.319284
237.358066,519,15.422711
230.464827,328,15.487355
237.672653,387,15.563613
239.930399,361,15.635041
-37.336241,277,15.689337
134.081264,554,16.104556
238.877747,323,16.168678
174.220943,659,16.302929
-29.459138,232,16.348813
246.695485,286,16.405526
259.946371,409,16.789923
241.78965,401,16.868874
225.941168,396,16.9461
252.197469,358,17.016226
263.832465,477,17.110721
227.863562,400,17.496943
19.654448,322,17.560392
211.604929,434,17.64644
243.953148,381,17.721302
226.6495,366,17.793311
209.018038,547,18.207758
250.626046,353,18.277046
255.756246,345,18.345659
262.01754,240,18.393393
248.725432,395,18.47136
238.549533,417,18.857275
178.233777,553,18.968354
209.307884,436,19.053338
220.109169,363,19.12531
209.188477,436,19.212885
-48.375716,339,19.585405
241.028201,541,19.692973
217.792247,485,19.788565
-37.42403,367,19.860017
242.089191,386,19.935532
226.959571,415,20.32561
227.609787,480,20.4213
205.078898,479,20.516732
274.046682,341,20.584131
-79.02594,303,20.644106
187.770678,483,21.046203
-34.375927,1000,21.243491
220.826472,787,21.707178
205.332104,424,21.790322
129.768802,957,21.987393
-31.549992,1000,22.495658
231.700301,392,22.572084
260.623389,348,24.551888
238.376746,373,24.625506
-25.252815,256,24.676451
243.390648,411,25.061849
-34.456491,445,25.150212
244.621071,383,25.226844
213.994697,385,25.302968
194.274707,618,25.427815
217.13237,605,25.85486
134.93991,553,25.965863
181.658312,501,26.066101
-131.599793,662,26.501543
145.176181,653,26.632861
133.121361,645,26.762524
190.983903,419,26.845938
222.078508,367,27.222992
198.613986,468,27.316001
189.874444,425,27.402662
-158.712467,392,27.484059
236.6986,545,27.594986
217.566265,434,27.991532
-24.026085,335,28.059009
-23.929002,307,28.120438
197.630207,386,28.195804
209.829508,398,28.274922
191.587417,719,28.72153
216.120662,368,28.794095
241.480532,353,28.863453
238.112903,356,28.933571
-25.608906,226,28.978515
232.630467,417,29.376059
238.95648,338,29.444554
182.898464,462,29.537066
232.602933,478,29.633024
227.73128,540,29.741337
0.351417,269,30.098888
205.251105,772,30.261368
-28.091891,233,30.308868
251.39293,574,30.426239
202.603005,402,30.816349
238.671721,415,30.898673
233.958517,419,30.983616
-25.846268,326,31.048239
-94.054533,387,31.125301
-60.765894,343,31.497948
9.77041,332,31.571913
224.086362,472,31.667476
229.824013,431,31.753339
191.184156,593,31.871932
-23.186489,375,32.249828
217.82021,398,32.329504
-22.489025,329,32.394173
195.861535,434,32.479051
239.064031,428,32.562756
-11.578044,364,32.939718
245.40009,384,33.019067
200.717702,424,33.102661
-58.297114,364,33.173935
203.050918,519,34.975374
245.766766,415,35.362535
227.346233,461,35.453149
237.600209,451,35.541958
232.409858,495,35.640207
237.377486,412,35.721837
192.14386,414,36.108123
241.295067,411,36.189369
3.28541,355,36.259287
220.284448,462,36.350253
211.193288,440,36.436873
251.158675,400,36.824967
223.381893,409,36.90607
240.778385,469,36.999563
205.466058,516,37.103902
235.58695,466,37.502725
242.510705,434,37.588284
219.936119,537,37.694932
236.098418,411,37.776356
241.811095,406,37.85611
218.158006,483,38.262893
208.166262,432,38.348332
253.239768,387,38.424419
224.3365,403,38.504729
234.838291,423,38.588065
221.620908,544,39.001368
268.492002,395,39.07967
214.288576,405,39.160407
225.961069,416,39.242584
257.849102,360,39.619768
263.263648,368,39.694641
252.243779,378,39.769125
259.901247,402,39.848154
252.746139,379,39.922665
230.098881,471,40.015128
245.695843,399,40.404481
232.022526,450,40.496389
261.169297,436,40.582976
274.674342,399,40.663881
274.885602,432,41.056197
280.96982,371,41.130295
235.540415,393,41.208125
214.410658,421,41.291385
226.08297,483,41.386855
285.127384,460,41.7834
260.050906,366,41.855542
264.078962,405,41.935724
262.571618,364,42.007455
265.640911,354,42.079004
6.968317,340,42.146655
272.354605,353,42.533585
256.99703,385,42.610928
270.215836,393,42.688024
266.535247,423,42.771443
240.550825,417,42.853641
261.81706,370,43.236887
218.172484,371,43.310599
228.746114,428,43.39467
284.587743,327,43.459459
225.662853,381,44.974403
255.493273,413,45.370362
257.812278,407,45.452641
290.292433,339,45.520618
227.951728,424,45.60527
230.707767,407,45.686743
249.971416,382,45.763254
235.231781,441,46.16207
201.63849,431,46.247854
265.183253,392,46.325756
200.391524,404,46.406249
241.105135,395,46.792968
249.817543,385,46.869917
255.191464,393,46.948124
228.680557,410,47.029249
204.506388,412,47.111487
215.52343,432,47.197917
255.185375,403,47.584391
238.538983,429,47.669172
233.941364,466,47.761392
250.995108,416,47.843149
129.235994,1000,48.354978
119.261065,1000,48.556418
219.929819,594,48.980111
170.770551,1000,49.185935
224.850916,540,49.293714
238.430852,694,49.737305
234.773507,594,49.855458
231.56898,427,49.940171
139.091322,1000,50.466272
211.038876,508,50.568232
211.140201,430,50.653157
246.371621,853,51.133129
245.117197,460,51.2251
273.975776,510,51.326482
258.371853,912,51.509909
161.444483,1000,52.020185
269.7672,518,52.12573
236.773552,488,52.224179
253.465448,500,52.640795
269.859811,533,52.748072
265.124486,762,52.90405
285.141403,468,53.316668
165.280295,1000,53.523373
245.007067,429,53.609178
235.544623,614,55.427556
215.4996,446,55.516077
241.907039,604,55.635422
225.36115,634,55.760501
255.025661,428,56.160766
41.014993,276,56.216391
213.035847,440,56.304448
222.001177,419,56.386366
241.473313,422,56.470132
226.40633,440,56.863461
254.458789,486,56.95973
16.458268,326,57.024177
234.093331,460,57.116448
228.941893,424,57.200328
257.286587,451,57.596803
204.713099,467,57.688988
253.989991,406,57.769152
240.8854,459,57.861224
254.562903,521,58.286568
205.609886,434,58.373566
236.252529,408,58.455623
204.488655,405,58.536346
261.027145,430,58.623086
275.140931,614,59.063752
255.726316,451,59.154991
205.937294,403,59.235318
223.321274,401,59.316171
253.264396,392,59.394299
263.796497,422,59.794042
257.271709,443,59.884732
270.97328,376,59.961154
239.470459,434,60.048926
216.28832,382,60.126035
-6.903144,262,60.488066
276.374603,345,60.556516
224.481271,389,60.633253
213.20535,423,60.716505
271.504685,420,60.79974
287.816211,359,61.17718
256.085741,343,61.245687
235.580877,379,61.320261
272.273054,381,61.395856
275.851991,438,61.482658
231.787155,416,61.565025
265.822696,446,61.967021
2.713215,288,62.024614
288.148581,406,62.106294
247.279908,386,62.183303
265.371881,373,62.257285
254.828854,398,62.643274
239.693859,367,62.715384
256.149955,400,62.794204
-21.947848,335,62.860156
260.448203,404,62.939782
249.539738,422,63.33244
235.841714,375,63.406712
264.695912,378,63.48104
246.19758,379,63.555495
-25.820935,239,63.603112
245.229416,360,63.675982
251.599026,352,64.065113
266.068271,475,65.408228
241.24481,408,65.489239
-28.076828,255,65.54139
229.292781,456,65.63486
-21.023742,290,65.69431
276.428512,397,66.107096
219.915303,418,66.191657
221.067194,377,66.267867
221.144499,373,66.342174
245.549545,407,66.423582
-43.852037,297,66.795988
274.914083,418,66.880301
215.002588,371,66.954905
241.707339,341,67.023018
233.046115,349,67.093379
256.467476,398,67.17416
224.999939,370,67.561935
219.717491,393,67.641184
239.602997,385,67.71891
104.580994,1000,68.260905
-47.915257,198,68.30178
6.471881,289,68.359555
-19.989339,284,68.416367
269.807475,658,68.549209
243.020706,416,68.631385
121.89843,1000,69.150477
271.631391,420,69.233352
226.106707,378,69.308548
247.618248,358,69.381019
241.149967,413,69.781078
240.39982,396,69.863849
28.492383,305,69.926992
-34.461586,301,69.988686
2.307658,254,70.041316
235.573256,354,70.115829
-7.460826,277,70.508041
253.108166,378,70.586129
257.015309,423,70.672253
228.74402,354,70.744922
256.067212,343,70.813989
-31.505643,279,70.870453
225.326826,383,71.26956
238.242036,374,71.345091
277.076683,404,71.42654
283.219268,356,71.498524
275.170945,426,71.584655
256.937817,488,72.019906
257.088063,425,72.10649
232.174384,395,72.188065
21.000742,302,72.248974
268.793014,421,72.334521
228.065654,392,72.726951
-28.341126,253,72.777993
277.088846,429,72.864162
264.375019,349,72.933118
-27.487775,295,72.992028
251.994752,450,73.082389
225.291049,375,73.472313
237.94088,388,73.549544
225.836187,384,73.626943
223.81456,375,73.702753
248.388435,381,73.779805
246.458652,401,74.203893
212.793176,421,74.295336
263.54379,436,75.836924
-0.113364,261,75.890049
249.33895,409,75.97202
235.99422,422,76.394096
-21.885987,289,76.45226
257.194853,369,76.526773
251.036693,356,76.598632
232.258065,393,76.679937
1.798629,260,76.731949
-0.807488,266,77.09806
271.119395,369,77.174421
246.564411,423,77.2603
220.438963,386,77.340778
219.245586,394,77.41995
249.997605,769,77.895437
141.012965,1000,78.104149
162.524404,1000,78.634208
247.531917,519,78.738739
268.95912,970,78.937988
215.789283,391,79.342435
115.301239,1000,79.554599
-20.878397,215,79.598986
229.675936,612,79.722953
104.041063,1000,80.262322
150.386625,1000,80.475659
137.974643,1000,81.008406
192.403388,826,81.182603
113.117999,1000,81.709989
114.060807,1000,81.916873
209.447591,883,82.449365
167.495873,1000,82.665077
149.40192,1000,83.189514
150.414792,1000,83.403142
131.259702,1000,83.931818
168.587683,1000,84.138575
151.302381,1000,84.698668
129.216944,1000,84.910785
135.210595,1000,86.775436
161.739821,1000,86.981668
118.81923,1000,87.513869
230.00133,552,87.628224
138.216526,1000,87.834283
172.14821,1000,88.356256
111.004009,1000,88.56727
213.130465,724,89.055524
163.151435,1000,89.267571
138.945754,1000,89.800525
166.860802,1000,90.013921
123.097801,1000,90.555333
128.778296,1000,90.763565
228.039511,523,90.870522
143.198331,628,91.343283
149.283486,1000,91.558802
-42.066784,373,91.635705
225.836491,424,92.044479
220.534863,496,92.146801
-39.971327,357,92.21887
202.058879,694,92.360203
222.261102,443,92.768642
-10.42246,350,92.840861
158.280193,1000,93.053081
167.57215,1000,93.583275
133.134261,1000,93.791131
137.453423,1000,94.314578
237.442856,617,94.44073
156.888994,1000,94.647646
3.949495,316,95.042768
79.676514,1000,95.25576
169.93801,1000,96.990662
259.276142,980,97.193999
-55.243939,318,97.259979
230.876526,673,97.72524
226.376174,409,97.808678
139.041477,1000,98.01786
227.441421,440,98.107279
206.343566,403,98.5063
-68.512542,303,98.568201
248.649131,393,98.647948
-17.103456,315,98.71136
-15.628674,262,98.764707
213.151569,422,98.850045
242.889387,413,99.2582
-42.639986,319,99.324909
272.506157,439,99.418362
-9.459349,319,99.484358
93.221961,1000,100.027766
260.812,349,100.09811
273.209375,402,100.180418
-12.601539,304,100.243242
-28.621584,299,100.305319
-41.523548,323,100.683443
234.925046,375,100.760083
194.540726,670,100.897709
-11.190533,317,100.960871
220.531345,364,101.034956
240.735404,355,101.431715
268.697038,407,101.516303
256.12227,354,101.590275
10.357182,330,101.658144
75.393271,1000,102.198394
251.373523,354,102.271071
265.875001,455,102.362875
273.383656,405,102.444738
226.030459,367,102.518539
213.084537,370,102.594054
-2.560361,319,102.981768
-0.842356,318,103.047954
208.092477,393,103.128322
-10.919456,272,103.182384
231.049686,397,103.263755
243.094777,384,103.669136
244.817379,382,103.746041
16.865966,268,103.799601
241.096296,421,103.885697
214.532489,377,103.964381
249.78131,399,104.045265
250.459491,374,104.455699
218.661705,355,104.532671
164.352244,529,104.647098
271.7562,396,104.729643
241.986585,365,104.805669
9.488157,291,105.207227
219.258607,387,105.288651
233.06068,426,105.380298
224.302069,404,105.468022
269.141932,439,105.559556
244.584615,347,105.98265
203.280126,362,107.341097
243.459805,359,107.415982
254.421021,385,107.496215
268.540514,371,107.572158
251.510636,364,107.648299
265.325532,437,108.081995
233.390346,426,108.169214
202.356282,410,108.253187
221.481737,412,108.337358
207.555138,388,108.417934
198.500411,390,108.84512
218.048366,389,108.926633
233.525809,440,109.01887
226.591948,393,109.100733
235.11589,365,109.177309
229.346799,384,109.589525
160.425264,1000,109.80596
232.374896,382,109.88523
210.058602,464,109.981456
242.431249,410,110.41505
245.040797,385,110.49587
-21.861332,364,110.571914
245.510368,370,110.647477
256.275026,462,110.743099
230.610603,394,111.179106
267.928717,377,111.258562
242.738962,446,111.350098
251.216237,496,111.454752
-18.270729,293,111.51663
252.600165,417,111.933609
-30.075564,365,112.009673
246.470885,458,112.10337
269.741215,366,112.178089
218.475111,402,112.262304
227.434007,399,112.683479
208.981296,408,112.768832
236.869933,395,112.849249
233.894941,414,112.933442
232.604419,386,113.012672
214.733502,407,113.441507
284.504481,430,113.530238
240.906399,382,113.608397
237.776294,430,113.698348
217.953672,399,113.779953
242.747962,429,114.197008
230.638178,411,114.283698
283.541532,367,114.359457
224.874969,416,114.445507
215.734471,414,114.531758
229.220252,410,114.957803
199.133748,377,115.037177
225.453313,448,115.128405
242.966755,387,115.210209
262.31761,427,115.301069
266.567668,389,115.739927
235.051857,417,115.827842
245.210076,382,115.90822
276.737193,442,116.00132
22.471705,253,116.054252
222.605879,405,116.463567
252.550018,371,116.540416
223.033199,399,117.980135
242.118477,374,118.056741
283.160953,372,118.133142
240.383609,420,118.219499
211.15459,401,118.66517
260.470506,423,118.753488
262.366894,434,118.842953
238.507886,409,118.927423
235.722864,440,119.017438
260.022273,444,119.457879
231.095067,414,119.542896
273.044691,354,119.613998
257.993802,385,119.691185
202.712265,411,119.777227
253.900959,437,120.186715
215.75944,405,120.268683
131.351016,1000,120.481924
244.645191,804,120.967278
214.094491,814,121.132635
164.341025,1000,121.666453
259.504012,506,121.76825
223.664495,526,121.873645
253.726488,411,121.956332
229.822931,785,122.430905
222.980777,926,122.624631
265.080969,600,122.747346
266.777617,725,123.21551
221.604272,759,123.369689
170.143959,1000,123.899479
111.322602,1000,124.105239
144.224874,1000,124.620604
207.671922,500,124.721569
121.219141,1000,124.929935
153.160475,1000,125.458842
181.090035,1000,125.665388
131.697433,1000,126.189801
217.483563,582,126.306555
214.917709,475,126.403045
239.786145,459,126.81088
243.799077,410,126.894928
278.324289,558,128.194743
251.651797,863,128.369986
239.757337,430,128.772135
242.616051,433,128.860142
257.195469,408,128.941956
131.032874,1000,129.467676
200.97444,587,129.587517
240.127334,386,129.664822
102.704405,1000,130.197585
269.010062,430,130.285922
270.305599,364,130.358762
230.213885,455,130.449768
247.484391,386,130.527335
21.98706,369,130.918879
244.910379,434,131.006525
207.2167,405,131.088357
205.184475,380,131.166231
-34.102124,355,131.239423
212.486353,378,131.318966
214.280636,753,131.821891
125.919565,1000,132.043747
238.539459,393,132.459484
231.466817,403,132.541359
223.629698,392,132.620498
273.609992,375,132.697855
232.77475,617,132.823547
-12.543874,252,133.187506
243.379749,381,133.263567
-57.132561,345,133.331977
236.924898,421,133.417845
254.208838,396,133.49818
238.686291,512,133.932027
247.007281,392,134.010416
-5.264509,341,134.078457
202.472957,395,134.157659
233.867548,418,134.24265
108.705222,1000,134.765039
251.887972,397,134.844371
204.424524,382,134.920186
220.905153,389,134.999719
239.210379,435,135.403946
118.397639,672,135.542875
230.269603,404,135.624393
267.25711,381,135.701463
237.988568,349,135.771961
212.863513,438,136.174153
229.904744,436,136.260252
260.738961,397,136.339079
251.987662,363,136.415335
267.118782,341,136.491116
228.903954,474,137.073515
224.139339,385,137.207268
182.823489,508,137.400608
224.453935,368,143.339369
7.56604,230,143.929898
-29.389557,286,148.041378
211.103219,369,148.94847
214.483654,378,149.443618
236.050563,472,149.704577
231.079705,388,149.891971
135.340435,1000,151.111987
223.020311,372,151.287152
20.66422,279,151.418704
256.897998,403,151.607829
223.336372,391,151.792205
218.961169,767,152.855599
217.816651,438,153.044679
247.710931,375,153.19996
219.405492,419,153.366338
229.398228,370,154.060088
248.21698,434,154.216469
248.589066,406,154.361387
262.36596,370,154.494781
258.404651,359,154.620506
246.877819,401,155.258891
242.700852,404,155.391253
234.395696,428,155.530975
257.182235,374,155.652591
236.244837,409,155.783926
244.793168,376,156.363281
198.722125,360,156.466361
81.46804,1000,156.759304
255.304574,463,156.899815
216.752733,378,157.520054
238.784422,376,157.634675
254.875335,397,157.75382
224.324179,367,157.861922
212.735295,366,157.975894
151.359829,1000,158.752462
156.214176,1000,159.04751
258.15214,430,159.564514
7.784107,223,159.619121
142.102396,1000,159.871115
141.377834,1000,160.490349
241.444304,643,160.654126
126.884465,607,160.80973
200.56675,352,160.895523
265.331899,377,161.366394
-3.160887,263,161.434345
204.58725,826,161.656509
147.797424,1000,162.369903
138.899048,1000,162.652718
212.150163,384,162.760038
119.286075,1000,165.036746
46.855386,1000,165.239744
80.561529,1000,165.755251
251.485329,416,165.836647
252.646832,412,165.917768
221.188599,393,165.994753
232.908085,503,166.400733
-24.9872,316,166.462721
270.967039,445,166.550703
238.442834,398,166.628931
249.886285,459,166.719747
240.349292,469,167.119114
262.111321,395,167.196962
254.381524,478,167.29102
270.674464,394,167.3683
247.762451,395,167.446846
254.411349,412,167.833489
258.788586,376,167.907314
229.738245,620,168.03211
259.003589,398,168.11035
226.973176,427,168.502949
250.642427,379,168.577374
272.41092,402,168.656356
226.101066,429,168.742516
267.693283,365,168.815726
237.197518,447,169.213085
238.191209,368,169.285995
245.903983,393,169.362737
267.785271,444,169.450063
263.096558,388,169.526272
236.90433,410,169.912741
189.32493,639,170.040824
264.425671,347,170.108658
-29.965568,378,170.182026
218.308462,398,170.260076
202.536631,351,170.635555
241.904662,340,170.702592
118.299606,1000,170.90751
250.962075,385,170.98257
241.359905,421,171.373327
159.197468,1000,171.576585
242.700674,383,171.651875
-21.603876,215,171.693914
216.490532,388,172.076594
14.17977,298,172.135103
125.687106,1000,172.340657
125.722151,1000,172.849822
15.585319,342,172.917001
212.656692,370,172.989383
128.075578,1000,173.497844
222.232108,405,174.772938
226.726024,416,174.853854
269.69384,366,174.925315
-12.68694,353,174.993659
229.196917,373,175.066391
238.607501,356,175.441714
216.176648,358,175.512549
211.592796,423,175.59571
283.260436,367,175.668022
248.284615,430,175.752342
231.4628,411,176.1414
238.477302,403,176.220746
248.573404,415,176.302218
212.182846,393,176.379078
210.547092,782,176.842459
221.870586,397,176.92078
251.808735,618,177.044157
238.422184,464,177.136675
252.947293,765,177.596806
242.519842,533,177.702307
89.90205,1000,177.907316
70.574741,1000,178.421183
68.939798,1000,178.621503
122.25724,1000,179.132019
92.827798,1000,179.334188
270.476832,512,179.743343
100.846934,1000,179.943993
223.634205,668,180.075521
71.544989,1000,180.582842
120.882055,1000,180.781829
-122.847095,646,181.219791
232.289681,625,181.343819
110.149563,1000,181.848497
233.523728,655,181.979424
242.68263,659,182.109941
232.552577,752,182.567652
116.392244,1000,182.76869
238.915755,366,182.8411
251.70615,685,183.285493
230.046172,472,183.379209
231.713066,483,184.672876
254.522895,489,184.769339
280.454084,400,184.847732
