#{"t_start": 1784145448.2867713, "env_id": "LunarLander-v3"}
r,l,t
-97.030151,67,0.020019
-243.12039,81,0.039646
-181.704336,120,0.068892
-103.635421,74,0.086472
-95.623039,59,0.100101
-144.498744,125,0.130697
-246.399187,67,0.146641
-372.686593,105,0.171615
-411.792003,144,0.206745
-61.931209,73,0.223648
-110.690548,72,0.240201
-79.371006,120,0.268941
-320.925833,97,0.291521
-218.004944,106,0.316869
-126.731156,92,0.338757
-101.033099,106,0.363939
-258.553322,138,0.397825
-135.149572,81,0.416639
-80.222391,62,0.431191
-333.676134,88,0.451758
-54.819715,70,0.468027
-102.765582,97,0.491175
-237.559094,89,0.820396
-251.052131,125,0.852921
-192.983987,71,0.871574
-253.735701,115,0.900451
-424.384676,97,0.924341
-139.981216,64,0.939737
-118.544798,76,0.958252
-153.704349,82,0.977823
-127.407481,78,0.995837
-103.254003,73,1.015266
-151.761151,95,1.037911
-180.283914,128,1.069662
-228.267673,60,1.083566
-133.581159,102,1.108623
-371.255915,90,1.129842
-95.716299,78,1.147977
-88.774681,77,1.166043
-183.66603,67,1.181668
-123.368201,65,1.19649
-185.295043,85,1.215946
-103.125925,108,1.242543
-9.27298,122,1.272262
-442.478497,115,1.603209
-158.458712,82,1.623087
-118.443988,87,1.643499
-104.684877,65,1.65852
-290.795576,122,1.687529
-178.873325,113,1.715936
-147.162814,88,1.737053
-331.83717,107,1.762449
-160.670243,119,1.791264
-226.914691,93,1.813166
-121.729945,74,1.830414
-74.987075,83,1.849894
-103.54348,77,1.867987
-120.533888,75,1.885457
-263.525103,75,1.903067
-100.527322,109,1.929647
-152.348045,88,1.950748
26.183385,95,1.974032
-185.015156,126,2.005237
-346.511543,96,2.028714
-239.150062,110,2.055761
-277.701951,108,2.08108
16.684067,77,2.406539
-114.221153,83,2.428337
-359.168612,116,2.457996
-269.234292,102,2.483268
-108.939253,80,2.502549
-144.046255,86,2.523581
-52.755429,83,2.54363
-167.245807,97,2.566986
-88.746094,61,2.581218
-121.777365,113,2.609503
-228.250566,78,2.628598
-177.182229,94,2.651469
-66.117465,129,2.682185
-236.746987,131,2.714479
-188.127977,119,2.743438
-129.044839,127,2.774148
-80.816779,61,2.789486
-255.331493,92,2.81422
-97.17714,70,2.832252
-106.835908,111,2.861179
-8.635048,108,2.888211
-99.329054,74,2.906491
-216.256632,115,3.263102
-46.698946,71,3.280912
-105.312031,69,3.297418
-214.229409,94,3.319984
-79.316558,93,3.342539
-139.566636,108,3.370143
-120.835387,84,3.390417
-85.194247,95,3.41469
-131.128442,121,3.444848
-105.597004,103,3.471195
-114.382542,103,3.496139
-133.545083,114,3.523783
-107.184291,95,3.547097
-43.599155,69,3.563536
-85.896208,66,3.579191
-65.635393,80,3.599528
-428.254338,106,3.625493
-113.614141,94,3.647943
-209.921677,102,3.672273
2.035977,120,3.701378
-129.63407,78,3.720455
-56.024646,69,3.737396
-153.694599,80,4.067221
-94.846267,70,4.084491
-297.90965,98,4.10903
-13.761959,104,4.135565
-130.562512,98,4.159898
-7.266606,126,4.191679
-18.861239,77,4.210552
-90.451788,71,4.227676
-160.375456,73,4.2456
-99.533678,78,4.265005
6.09884,85,4.286562
-338.170478,109,4.312678
-103.617393,96,4.335841
-194.002612,152,4.373581
-90.968579,69,4.390211
-331.729809,112,4.418109
-88.725704,95,4.441391
-115.345544,105,4.467087
-1.740883,122,4.497283
-161.04836,112,4.525295
-83.008266,86,4.545866
-160.464935,112,4.875972
-147.572069,90,4.897567
-98.444057,92,4.919747
-49.394506,102,4.944286
-74.247982,87,4.964691
-86.933031,109,4.990912
-450.378434,108,5.017575
-298.523885,126,5.04891
-100.944255,104,5.074293
-185.767087,123,5.104769
-137.410368,104,5.130608
-106.487637,104,5.155154
-119.217703,101,5.179647
-97.587473,89,5.200973
-129.815873,90,5.222727
-52.723754,82,5.242706
-133.700785,128,5.273611
37.357515,99,5.297812
-79.87369,88,5.318553
-82.295632,71,5.334962
-57.278802,65,5.350187
-66.901502,86,5.67553
-126.491659,126,5.707016
-273.835736,136,5.740836
-81.100757,115,5.768514
-204.389882,109,5.79449
-140.54898,103,5.819466
-95.777161,88,5.840142
-132.398769,88,5.861059
-118.612698,90,5.882804
-22.205108,128,5.914227
-3.256856,89,5.935842
-93.484653,66,5.951781
-254.562846,104,5.979694
-185.345345,110,6.006706
-124.319397,99,6.03
-58.161628,120,6.059027
-118.372556,118,6.087488
-28.032712,128,6.118927
-62.47917,120,6.14829
-75.615029,94,6.471759
-135.447139,91,6.493578
-139.956713,85,6.514267
-179.209751,90,6.536003
-228.745809,121,6.565595
-60.595525,127,6.596619
-362.669967,108,6.624158
-8.333893,99,6.647948
-151.2445,121,6.679644
-450.103551,97,6.70382
-203.157895,105,6.728932
-43.486408,78,6.747731
-91.366201,82,6.767362
-72.633057,81,6.786319
-78.861974,62,6.800978
-24.848329,125,6.831426
-63.757473,76,6.84913
-210.311742,84,6.869607
-90.299682,88,6.890521
-294.101732,127,6.921711
-265.551656,118,6.951033
-48.190855,111,7.285168
-49.409361,78,7.303814
-66.69487,93,7.327542
-37.358511,79,7.34677
25.084145,124,7.378288
-110.57487,96,7.401323
-54.592814,109,7.428412
-120.258904,123,7.459896
-278.696804,133,7.492978
-104.216384,86,7.517106
-97.947921,79,7.535991
-6.594955,95,7.558515
-64.272273,92,7.580672
-56.515575,66,7.596487
-347.255483,140,7.630507
-57.421712,79,7.649822
-199.999948,107,7.676141
-5.926115,77,7.694752
-63.978891,97,7.717345
-153.420701,110,7.742945
-61.03095,91,7.76446
-170.046227,117,8.099097
-61.320052,95,8.122739
-45.575458,143,8.15795
-10.017646,86,8.178637
-67.176848,85,8.19997
-263.329515,101,8.224586
-21.858326,108,8.251188
-118.196943,102,8.279815
-208.665044,92,8.302553
-253.011384,153,8.342255
-196.711729,102,8.367178
-48.687128,128,8.399807
-105.527917,130,8.433523
-101.330644,125,8.464791
-79.74391,100,8.490104
-261.983905,88,8.512309
-85.177802,109,8.539518
-115.840402,97,8.563944
-167.169543,130,8.910035
-69.764407,83,8.931342
-33.561885,135,8.966092
-98.007427,111,8.993575
-178.867306,158,9.035176
-77.480145,90,9.057215
-88.998404,75,9.076123
-249.52412,125,9.107148
-168.617051,126,9.141059
-17.239484,91,9.163812
-55.68312,95,9.186876
-116.480728,126,9.217916
-0.990481,96,9.24197
-171.867493,81,9.261971
-58.057674,104,9.288157
-217.901973,125,9.319413
-85.866674,120,9.349561
-226.387601,130,9.383239
-277.138388,127,9.415121
-82.442975,92,9.748082
-43.988864,104,9.774485
-53.01349,78,9.794069
-144.393112,91,9.817345
-74.264036,144,10.710083
-100.348269,141,10.747504
-70.48948,70,10.764936
-49.631457,111,10.793967
15.708644,100,10.819598
-51.748854,132,10.853106
-116.646812,117,10.882542
-212.510597,127,10.916363
-180.268495,127,10.949284
-48.369027,86,10.971317
-50.677051,77,10.990469
-47.828658,146,11.028636
-247.353966,130,11.061471
-15.846071,93,11.084931
7.865558,119,11.425961
37.978747,106,11.454114
2.398828,126,11.487196
2.593156,126,11.519619
-140.899446,115,11.549079
-67.262186,101,11.574667
-8.47243,113,11.603809
-88.19945,106,11.63011
-135.412467,102,11.656646
-132.617106,101,11.682607
-47.954978,117,11.712816
-46.803948,84,11.734295
34.29774,144,11.772006
-60.227706,129,11.805134
-170.188488,97,11.830321
9.183641,98,11.855777
-19.451702,125,11.88877
-259.98632,130,11.921876
-57.051506,83,11.942887
-5.067296,145,12.290361
-63.021623,136,12.326748
-7.140562,121,12.359221
-24.826734,114,12.388334
-110.555184,142,12.42492
-43.681751,152,12.465393
-65.80917,109,12.494641
14.366977,116,12.525083
-28.593706,148,12.563303
-108.412653,123,12.594962
48.467137,97,12.620462
-4.726663,118,12.651027
-82.684791,127,12.684201
7.645896,126,12.716735
-17.997931,148,12.756981
-65.452369,132,12.791625
6.0143,142,13.141267
-93.080566,248,13.218186
-188.247421,152,13.260937
4.402764,118,13.292257
-46.311752,131,13.32748
-100.268969,196,13.38163
-175.625702,166,13.427231
-17.325034,138,13.463564
-184.116037,116,13.493174
-23.685831,168,13.539167
-30.151216,182,13.590703
1.686823,136,13.62694
-67.962124,94,13.65149
-55.452917,211,14.021403
-168.383322,190,14.075507
-201.261875,168,14.122421
-53.049058,96,14.147098
-80.869453,186,14.199755
-158.559293,187,14.253964
-41.515687,110,14.282418
-10.221656,208,14.342335
-42.328605,119,14.375113
-190.233878,210,14.434936
-73.620746,156,14.478598
-10.876095,134,14.514457
-28.023354,171,14.865963
-38.348684,142,14.904148
-59.188554,110,14.932355
-37.656191,197,14.986027
-70.530599,209,15.049363
-16.269077,169,15.098218
-38.379833,185,15.148495
1.801859,112,15.177424
-32.920429,243,15.249892
-10.199774,116,15.281317
-33.201979,132,15.315943
-152.954894,174,15.363119
-40.53373,267,15.747057
-66.432764,280,15.839803
-132.113935,281,15.928281
-51.28441,143,15.966187
43.65174,1000,16.766239
-23.677871,158,16.810009
-101.490528,284,17.20547
-17.583524,164,17.250432
-56.343956,173,17.297601
-151.628828,201,17.353962
-18.822345,190,17.409277
-29.993462,140,17.4478
-63.162766,193,17.501084
-61.767426,145,17.539875
29.045681,234,17.608171
-6.443096,196,17.66442
24.148065,1000,18.72641
-38.912974,1000,19.356523
10.62,1000,20.196354
-7.951197,115,20.22747
25.749947,129,20.259943
80.776679,1000,20.978614
-40.86665,123,21.010345
15.630005,179,21.362282
-192.608142,168,21.410443
15.008176,114,21.440062
-178.698054,146,21.478414
-76.631369,135,21.513191
-51.931003,192,21.564704
-10.549452,1000,22.209321
17.917771,144,22.550826
15.021399,140,22.58867
2.604398,159,22.630628
-41.890457,126,22.66429
36.306681,125,22.697239
85.315205,1000,23.287059
-24.182159,208,23.347366
-18.590044,159,23.38928
82.443628,1000,24.838312
49.498323,166,24.882388
-12.712019,197,24.935729
-27.71762,115,24.964577
34.788719,165,25.007241
26.406486,149,25.046741
-58.510953,179,25.094887
57.782776,1000,25.972499
18.923957,144,26.010811
21.847768,104,26.036965
20.436151,146,26.073396
-153.074373,170,26.118431
19.57537,199,26.170348
-16.318343,164,26.213941
-48.688621,133,26.24893
127.954894,1000,27.19836
-48.827784,203,27.253613
16.498292,174,27.300974
31.250714,169,27.347227
37.510411,178,27.396278
-27.342113,209,27.455165
42.932083,1000,28.321104
124.440407,1000,28.913695
109.842348,1000,29.865956
-6.310797,190,29.917005
-38.10186,201,29.97218
-7.334533,167,30.01771
9.077602,195,30.072942
109.216973,1000,31.057852
-18.318207,227,31.120613
-68.782178,185,31.171314
37.261685,142,31.209164
22.389891,158,31.250999
25.104579,172,31.297204
131.248553,1000,32.16066
-153.215374,156,32.204474
33.493978,164,32.248691
3.011894,131,32.283712
-25.832294,182,32.332884
94.443236,1000,32.781749
131.903606,1000,33.59114
35.489875,218,33.651029
12.328689,144,33.69047
79.917535,1000,34.504149
56.223703,131,34.537633
-79.048763,232,34.6006
16.627861,125,34.633125
41.274583,142,34.669878
58.251733,154,34.71085
25.159678,166,34.756147
52.912826,172,34.800679
25.962198,202,34.856781
30.431394,156,34.901643
151.576709,1000,35.665795
121.556121,1000,36.129678
-0.266131,151,36.16946
125.053829,1000,36.943931
96.352434,1000,37.333775
-22.54438,185,37.384025
66.357639,1000,38.099316
-2.140025,195,38.154213
34.368485,151,38.193813
133.144506,1000,38.926721
146.439424,1000,39.335196
37.173901,185,39.386769
144.70879,1000,40.808372
147.029973,1000,41.350527
-9.216359,195,41.403355
214.610646,796,42.115969
26.955643,219,42.179065
254.43021,663,42.422566
22.262584,156,42.464591
-0.029714,194,42.519075
34.733239,197,42.572253
7.419433,202,42.630152
95.772243,1000,43.47341
-34.199041,192,43.526653
142.198225,1000,43.919096
35.072377,220,44.297179
292.387265,813,44.632641
35.266219,137,44.670387
253.846184,619,44.891948
14.539681,169,44.93917
260.960727,268,45.337569
252.600285,411,45.495266
25.813001,226,45.559476
31.558029,203,45.615761
261.323598,395,45.766004
212.055931,290,45.861706
271.643189,503,46.367583
243.254254,330,46.484756
253.850133,280,46.573139
15.700417,193,46.627419
56.940058,187,46.677557
276.863764,295,46.778458
279.634265,362,46.897069
51.407323,152,46.938447
29.977306,145,46.976831
1.262083,207,47.332718
254.556788,321,47.433796
20.524498,261,47.514086
267.358584,296,47.61162
181.522381,417,47.774442
261.100425,274,47.869762
-26.405409,257,47.945603
256.17523,316,48.360432
-1.227951,226,48.425513
-39.723766,219,48.485106
268.799525,271,48.576782
206.944886,341,48.685076
226.572438,324,48.798053
222.729049,288,48.889359
245.525857,328,49.304235
248.774909,292,49.398243
2.310533,231,49.465168
280.061445,290,49.551181
36.814218,222,49.616853
22.193997,251,49.690385
260.675318,352,49.815968
22.231889,205,49.875597
266.35925,375,50.291749
24.501961,189,50.344036
272.073963,307,50.451795
244.308101,270,50.540151
10.958446,186,50.593227
255.881192,304,50.694835
28.816403,248,50.775554
-16.59322,250,51.15
-46.632823,235,51.219663
186.470653,575,51.436659
247.633121,323,51.562142
-48.199491,263,51.650453
263.956103,252,51.732222
194.050836,412,52.163093
-1.407326,207,52.222836
210.729309,359,52.349976
234.245747,316,52.454253
190.813799,420,52.611322
289.835232,359,53.429876
