number,value,datetime_start,datetime_complete,duration,params_batch_size,params_clip_range,params_ent_coef,params_gae_lambda,params_learning_rate,params_max_grad_norm,params_n_epochs,params_n_steps,params_one_minus_gamma,params_vf_coef,user_attrs_duration_s,user_attrs_gamma,user_attrs_n_train_seeds,user_attrs_score_min,user_attrs_score_std,user_attrs_seed_scores,state
0,-11.665665699999998,2026-07-21 10:22:01.410601,2026-07-21 10:24:01.794637,0 days 00:02:00.384036,256,0.1,7.927811948299722e-05,1.0,0.00020376446103967058,1.0,3,512,0.003258942264356453,0.25,120.22832529401057,0.9967410577356436,2.0,-63.76422325,52.09855755,"[-63.76422325, 40.432891850000004]",COMPLETE
1,22.392361824999995,2026-07-21 10:22:01.561048,2026-07-21 10:23:57.430580,0 days 00:01:55.869532,256,0.1,9.133086692498322e-07,1.0,0.0001813260600365972,1.0,3,2048,0.0034645994805784794,0.5,115.70023733700509,0.9965354005194215,2.0,19.60014585,2.792215974999996,"[19.60014585, 25.184577799999992]",COMPLETE
2,-224.26882949999998,2026-07-21 10:22:01.726507,2026-07-21 10:24:33.417197,0 days 00:02:31.690690,128,0.3,8.971226834298528e-06,0.98,0.0005903049884245419,1.0,5,512,0.005130865487083088,1.0,,,,,,,PRUNED
3,-1814.5409988249996,2026-07-21 10:22:01.900204,2026-07-21 10:24:04.555941,0 days 00:02:02.655737,256,0.1,1.4459827532077768e-05,0.98,0.0001372608526592228,0.3,3,2048,0.001000500577966717,0.5,122.46868082499714,0.9989994994220333,2.0,-2004.0162221499995,189.4752233249999,"[-2004.0162221499995, -1625.0657754999997]",COMPLETE
4,-88.326641,2026-07-21 10:22:02.085727,2026-07-21 10:24:28.554550,0 days 00:02:26.468823,256,0.2,8.328336077307118e-06,1.0,0.0011413615305378114,0.3,10,1024,0.0003465825794427548,1.0,144.30757463199552,0.9996534174205572,2.0,-94.2952214,5.9685804000000005,"[-82.3580606, -94.2952214]",COMPLETE
5,-3676.0290735000003,2026-07-21 10:22:02.088448,2026-07-21 10:24:32.755621,0 days 00:02:30.667173,64,0.1,0.00198568473959619,0.95,0.0001214038165110948,0.3,5,1024,0.00027547855668079923,1.0,,,,,,,PRUNED
6,-1433.0026499,2026-07-21 10:22:02.086288,2026-07-21 10:24:33.828862,0 days 00:02:31.742574,128,0.3,8.844237628646407e-08,0.9,0.00015456351319867174,0.5,10,4096,0.009063305086629383,0.5,,,,,,,PRUNED
7,-1665.028545875,2026-07-21 10:22:02.188378,2026-07-21 10:24:18.178103,0 days 00:02:15.989725,256,0.1,0.011632811673351867,1.0,0.0010640007112462395,0.5,3,1024,0.008780250337012649,1.0,135.48680497400346,0.9912197496629873,2.0,-3156.2041749,1491.175629025,"[-3156.2041749, -173.85291684999999]",COMPLETE
8,-732.0307955000001,2026-07-21 10:22:02.260075,2026-07-21 10:24:36.942369,0 days 00:02:34.682294,128,0.1,6.875070627676207e-05,0.9,0.0002911620407150577,0.5,3,512,0.00023958301825851598,0.5,,,,,,,PRUNED
9,103.85834840000001,2026-07-21 10:22:02.540873,2026-07-21 10:25:50.234408,0 days 00:03:47.693535,128,0.1,4.06794005990989e-06,0.9,0.0008813843823638304,1.0,20,1024,0.0003854168794207662,1.0,227.42544867799734,0.9996145831205793,2.0,68.94643235,34.91191605000001,"[68.94643235, 138.77026445]",COMPLETE
10,-89.7221923,2026-07-21 10:22:02.808151,2026-07-21 10:26:10.246231,0 days 00:04:07.438080,64,0.2,1.506478363817864e-08,0.9,0.001664021148588998,0.3,5,4096,0.015975300120459956,0.25,,,,,,,PRUNED
11,-1288.1152341,2026-07-21 10:22:03.317028,2026-07-21 10:25:04.740302,0 days 00:03:01.423274,64,0.2,1.1855464443984413e-05,0.9,9.371046281907151e-05,0.3,10,4096,0.012789176651230595,0.25,,,,,,,PRUNED
12,0.7138564500000086,2026-07-21 10:22:03.480719,2026-07-21 10:25:44.357589,0 days 00:03:40.876870,64,0.2,1.3484855580480648e-05,0.98,0.002574620762057984,0.3,5,1024,0.0036086208234417673,0.5,220.5859160789987,0.9963913791765582,2.0,-134.2471266,134.96098305,"[-134.2471266, 135.67483950000002]",COMPLETE
13,-840.6382426,2026-07-21 10:22:03.319260,2026-07-21 10:24:30.611837,0 days 00:02:27.292577,256,0.1,2.2554221327232457e-08,0.9,0.00016058708212509087,0.5,10,4096,0.004917205526689541,0.5,,,,,,,PRUNED
14,51.279295125,2026-07-21 10:22:03.072940,2026-07-21 10:27:53.524277,0 days 00:05:50.451337,64,0.2,9.805620650893674e-07,0.9,0.00035799389869452404,0.5,20,512,0.00210112635767988,0.25,349.53929797999444,0.9978988736423201,2.0,-2.6504755000000015,53.929770624999996,"[-2.6504755000000015, 105.20906575]",COMPLETE
15,148.536103575,2026-07-21 10:22:04.056856,2026-07-21 10:25:28.495476,0 days 00:03:24.438620,64,0.1,0.002939768416508624,0.98,0.0011277415169410007,0.3,5,1024,0.0002806734200764424,0.25,204.0880868830136,0.9997193265799236,2.0,72.52876005,76.007343525,"[224.5434471, 72.52876005]",COMPLETE
16,52.20072265,2026-07-21 10:23:57.446310,2026-07-21 10:28:45.153192,0 days 00:04:47.706882,128,0.1,0.0005522343865905778,0.9,0.0007441519820753306,0.5,20,1024,0.0002128339738611084,0.25,287.6476552259992,0.9997871660261389,2.0,-35.18449035,87.38521300000001,"[139.58593565, -35.18449035]",COMPLETE
17,-2515.1694321999994,2026-07-21 10:24:01.831987,2026-07-21 10:24:38.542116,0 days 00:00:36.710129,128,0.3,5.889800681926988e-06,0.9,0.00037539641472465334,1.0,3,4096,0.001350840763217891,0.5,,,,,,,PRUNED
18,-1868.515914,2026-07-21 10:24:04.572121,2026-07-21 10:24:37.340991,0 days 00:00:32.768870,64,0.3,0.0001550977647392921,0.98,7.238766660271432e-05,0.3,5,512,0.002669236096119637,1.0,,,,,,,PRUNED
19,-233.31382760000002,2026-07-21 10:24:18.192058,2026-07-21 10:25:20.005808,0 days 00:01:01.813750,128,0.2,1.5051674068078837e-06,1.0,0.00013905968007676842,1.0,20,4096,0.0050764238386281635,1.0,,,,,,,PRUNED
20,122.02065942499999,2026-07-21 10:24:28.594368,2026-07-21 10:28:11.065989,0 days 00:03:42.471621,256,0.3,0.00025658557394973885,1.0,0.0008917819088555647,0.5,20,2048,0.0008287106381331574,0.5,222.31595181601006,0.9991712893618668,2.0,105.2362381,16.784421325000004,"[105.2362381, 138.80508075]",COMPLETE
21,-347.80678040000004,2026-07-21 10:24:30.630972,2026-07-21 10:25:37.403676,0 days 00:01:06.772704,64,0.3,1.9984579812482955e-05,0.98,0.00025414234871633175,0.3,10,1024,0.003195374614531466,0.25,,,,,,,PRUNED
22,-184.1363126,2026-07-21 10:24:32.774321,2026-07-21 10:25:39.228648,0 days 00:01:06.454327,256,0.3,0.00026879172607293945,0.9,0.0020067605854186795,0.5,3,1024,0.0017485515610984258,0.25,,,,,,,PRUNED
23,-51.978937450000004,2026-07-21 10:24:33.448574,2026-07-21 10:27:44.419731,0 days 00:03:10.971157,256,0.1,2.6070961237541877e-08,1.0,8.021595442820286e-05,1.0,20,4096,0.0011186930553596542,0.5,190.82366851897677,0.9988813069446404,2.0,-83.82257375,31.8436363,"[-20.135301150000004, -83.82257375]",COMPLETE
24,-137.48769169999997,2026-07-21 10:24:33.849226,2026-07-21 10:26:07.396191,0 days 00:01:33.546965,256,0.3,2.786662491695151e-05,1.0,0.0029976859644593357,1.0,10,1024,0.0006012392109643241,0.5,,,,,,,PRUNED
25,-2142.1688804,2026-07-21 10:24:36.955833,2026-07-21 10:26:01.982185,0 days 00:01:25.026352,64,0.2,2.1561451273738696e-07,0.95,7.237453184384585e-05,1.0,20,2048,0.001215967023066312,0.25,,,,,,,PRUNED
26,-177.70019729999999,2026-07-21 10:24:37.359354,2026-07-21 10:25:42.510499,0 days 00:01:05.151145,256,0.2,4.297634178756034e-07,1.0,0.00037766250120961387,1.0,20,2048,0.001437897295997059,0.25,,,,,,,PRUNED
27,31.312717900000003,2026-07-21 10:24:38.572070,2026-07-21 10:28:48.286577,0 days 00:04:09.714507,256,0.2,2.8393193897016853e-07,1.0,0.0025231723651794303,1.0,20,2048,0.01789163699555091,0.25,249.4446698190004,0.982108363004449,2.0,-61.58402715000001,92.89674505000002,"[124.20946295000002, -61.58402715000001]",COMPLETE
28,-145.8556033,2026-07-21 10:25:04.768340,2026-07-21 10:27:42.627695,0 days 00:02:37.859355,256,0.1,3.386273586644976e-07,1.0,0.0002813107592282133,1.0,20,2048,0.0016930919741814205,0.25,,,,,,,PRUNED
29,-143.98016709999996,2026-07-21 10:25:20.016284,2026-07-21 10:25:45.486939,0 days 00:00:25.470655,256,0.1,3.8466798963661834e-07,1.0,5.520682897939165e-05,1.0,3,2048,0.001515900700490059,0.25,,,,,,,PRUNED
30,140.53948002500002,2026-07-21 10:25:28.513492,2026-07-21 10:30:35.651533,0 days 00:05:07.138041,64,0.1,3.276836827590628e-07,0.95,0.0029583359048904407,1.0,20,2048,0.0001001096286721764,0.25,307.00473479999346,0.9998998903713279,2.0,53.634279500000005,86.90520052500001,"[53.634279500000005, 227.44468055000002]",COMPLETE
31,149.730696075,2026-07-21 10:25:37.413214,2026-07-21 10:30:38.565909,0 days 00:05:01.152695,64,0.1,4.2124709264997415e-07,0.95,0.002181608420681025,1.0,20,2048,0.00010940311918591874,0.25,301.08075961397844,0.999890596880814,2.0,129.05956535,20.671130724999983,"[170.40182679999998, 129.05956535]",COMPLETE
32,-740.8939381,2026-07-21 10:25:39.240236,2026-07-21 10:26:47.865191,0 days 00:01:08.624955,64,0.1,4.202349678029666e-07,0.95,5.4388576386723196e-05,1.0,20,2048,0.00012136218858656704,0.25,,,,,,,PRUNED
33,-2018.8440166,2026-07-21 10:25:42.523638,2026-07-21 10:26:08.416171,0 days 00:00:25.892533,64,0.1,0.017478317083758056,0.95,5.152602111051324e-05,1.0,5,2048,0.00010498051437229617,0.5,,,,,,,PRUNED
34,-2167.3216474,2026-07-21 10:25:44.372981,2026-07-21 10:26:26.297385,0 days 00:00:41.924404,64,0.1,0.0008429025912084725,0.95,5.744799606164342e-05,1.0,5,2048,0.00013785213117276668,0.25,,,,,,,PRUNED
35,-1071.9742438,2026-07-21 10:25:45.498854,2026-07-21 10:26:40.080831,0 days 00:00:54.581977,64,0.1,0.0016465582410117208,0.95,0.0007010299134956589,1.0,5,2048,0.00010332296994796016,0.5,,,,,,,PRUNED
36,149.67393505,2026-07-21 10:25:50.249414,2026-07-21 10:29:46.833808,0 days 00:03:56.584394,128,0.1,0.0011994554903220114,0.95,0.0007819539741539772,1.0,20,2048,0.00011678030143261914,1.0,236.51180630200543,0.9998832196985674,2.0,137.24589555,12.428039500000011,"[162.10197455000002, 137.24589555]",COMPLETE
37,-172.3701144,2026-07-21 10:26:01.994107,2026-07-21 10:27:07.438403,0 days 00:01:05.444296,128,0.1,0.0008126279324183748,0.95,0.0007470044152433143,1.0,20,1024,0.0001167504484768263,1.0,,,,,,,PRUNED
38,179.779337925,2026-07-21 10:26:07.407117,2026-07-21 10:29:52.749631,0 days 00:03:45.342514,128,0.1,0.0005890670829040644,0.95,0.0007753518976330976,1.0,20,2048,0.00012056014420575335,1.0,225.2595496790018,0.9998794398557942,2.0,160.5053711,19.273966825000002,"[160.5053711, 199.05330475]",COMPLETE
39,147.110221625,2026-07-21 10:26:08.427099,2026-07-21 10:30:09.955558,0 days 00:04:01.528459,128,0.1,0.00186318819782594,0.98,0.0008732617678161249,1.0,20,1024,0.00016332747606824524,1.0,241.46080283098854,0.9998366725239317,2.0,144.45168925000002,2.658532374999993,"[144.45168925000002, 149.768754]",COMPLETE
40,80.166106875,2026-07-21 10:26:10.259874,2026-07-21 10:30:05.862481,0 days 00:03:55.602607,128,0.1,1.7488230293631398e-06,0.98,0.0007229301049356658,1.0,20,1024,0.00014647622099421692,1.0,235.52617504901718,0.9998535237790058,2.0,55.8248966,24.341210274999987,"[104.50731714999998, 55.8248966]",COMPLETE
41,103.44004354999998,2026-07-21 10:26:26.327265,2026-07-21 10:30:39.024401,0 days 00:04:12.697136,128,0.1,1.8558660449389586e-06,0.98,0.0006351338262405127,1.0,20,1024,0.0005540510999538673,1.0,252.55659222402028,0.9994459489000461,2.0,28.70656555,74.73347799999999,"[178.17352154999998, 28.70656555]",COMPLETE
42,-109.50842990000001,2026-07-21 10:26:40.093194,2026-07-21 10:27:23.900090,0 days 00:00:43.806896,128,0.1,1.503416123374604e-06,0.98,0.0007415706736383171,1.0,20,1024,0.0007501501724836487,1.0,,,,,,,PRUNED
43,-139.4208414,2026-07-21 10:26:47.876678,2026-07-21 10:27:33.307841,0 days 00:00:45.431163,128,0.1,3.038140762946375e-06,0.98,0.000639428020458314,1.0,20,1024,0.0006147436465027812,1.0,,,,,,,PRUNED
44,77.19453762500001,2026-07-21 10:27:07.451295,2026-07-21 10:30:53.614193,0 days 00:03:46.162898,128,0.1,2.1195522318147576e-06,0.98,0.0012383859582852969,0.3,20,1024,0.0006329583369525484,1.0,226.03318228400894,0.9993670416630475,2.0,16.4012563,60.79328132500001,"[16.4012563, 137.98781895000002]",COMPLETE
45,145.0839558,2026-07-21 10:27:23.911440,2026-07-21 10:31:44.813379,0 days 00:04:20.901939,128,0.1,1.8429430470671976e-06,0.98,0.0012331670920352309,0.3,20,1024,0.0004202087386422881,1.0,260.81804783199914,0.9995797912613578,2.0,105.91929150000001,39.1646643,"[105.91929150000001, 184.2486201]",COMPLETE
46,-913.1295701000001,2026-07-21 10:27:33.334165,2026-07-21 10:28:25.675627,0 days 00:00:52.341462,64,0.2,1.4352707259580026e-06,0.98,0.0023346537612431483,0.3,5,1024,0.0022922704348617797,0.5,,,,,,,PRUNED
47,22.336030100000002,2026-07-21 10:27:42.639715,2026-07-21 10:31:05.850608,0 days 00:03:23.210893,64,0.2,1.3940636146291774e-06,0.98,0.002595054231280846,0.3,5,1024,0.000412499150285624,0.5,203.11189977597678,0.9995875008497144,2.0,-38.726769950000005,61.06280005000001,"[83.39883015000001, -38.726769950000005]",COMPLETE
48,-177.23971,2026-07-21 10:27:44.433497,2026-07-21 10:28:08.680971,0 days 00:00:24.247474,64,0.2,1.1372351025290925e-06,0.98,0.0027638908081243888,0.3,5,1024,0.0004134291809586784,0.5,,,,,,,PRUNED
49,-652.6595686,2026-07-21 10:27:53.539496,2026-07-21 10:28:26.476998,0 days 00:00:32.937502,128,0.2,1.0144440349801335e-07,0.9,0.0004404321692786204,0.5,3,512,0.0003519786658670678,0.25,,,,,,,PRUNED
50,-481.2228637,2026-07-21 10:28:08.696751,2026-07-21 10:28:51.615881,0 days 00:00:42.919130,128,0.1,7.32092980604311e-08,0.9,0.001009255502575679,0.5,3,512,0.00017531825064856063,0.25,,,,,,,PRUNED
51,-5.423760449999999,2026-07-21 10:28:11.080944,2026-07-21 10:32:34.030237,0 days 00:04:22.949293,128,0.3,0.009352142361688194,0.9,0.0011089105991419607,0.5,20,512,0.00018854742454741817,0.25,262.7438563120086,0.9998114525754526,2.0,-19.585358149999998,14.161597699999998,"[8.73783725, -19.585358149999998]",COMPLETE
52,-60.73522984999998,2026-07-21 10:28:25.691329,2026-07-21 10:33:20.993761,0 days 00:04:55.302432,128,0.3,0.003144558657428312,0.9,0.0011119212040774625,0.5,20,512,0.00040503265401152977,0.25,295.2243144539825,0.9995949673459885,2.0,-181.63780734999997,120.90257749999999,"[-181.63780734999997, 60.16734765000001]",COMPLETE
53,1.4384206999999947,2026-07-21 10:28:26.492055,2026-07-21 10:33:20.022217,0 days 00:04:53.530162,128,0.3,0.0057401353143979855,0.9,0.0010752998107614712,0.5,20,512,0.000830997157922194,1.0,293.45446344302036,0.9991690028420778,2.0,-129.23379525000001,130.67221595,"[132.11063665, -129.23379525000001]",COMPLETE
54,176.42060014999998,2026-07-21 10:28:45.166553,2026-07-21 10:33:33.254619,0 days 00:04:48.088066,128,0.3,0.0063782070033773265,0.9,0.001060472191041739,0.5,20,1024,0.0002272463688872082,1.0,288.00668640999356,0.9997727536311128,2.0,127.14131955000002,49.27928059999998,"[225.69988074999998, 127.14131955000002]",COMPLETE
55,-16.371455,2026-07-21 10:28:48.298905,2026-07-21 10:30:57.783675,0 days 00:02:09.484770,128,0.3,0.0038271312924977614,0.9,0.001081094390476202,0.5,20,1024,0.00019337589062899755,1.0,,,,,,,PRUNED
56,2.9524904999999997,2026-07-21 10:28:51.625796,2026-07-21 10:33:06.325937,0 days 00:04:14.700141,128,0.3,0.00357781012333974,0.9,0.0013712503582949441,0.5,20,512,0.0004625335720632186,0.25,254.63032982399454,0.9995374664279367,2.0,-57.19921469999999,60.151705199999995,"[-57.19921469999999, 63.10419569999999]",COMPLETE
57,115.4089618,2026-07-21 10:29:46.848494,2026-07-21 10:33:54.200134,0 days 00:04:07.351640,128,0.1,0.004627832010085299,0.9,0.0013714306467627346,0.5,20,1024,0.0002103515232024246,1.0,247.2803449619969,0.9997896484767975,2.0,6.390632200000003,109.0183296,"[224.4272914, 6.390632200000003]",COMPLETE
58,185.9394389,2026-07-21 10:29:52.766441,2026-07-21 10:34:33.655112,0 days 00:04:40.888671,128,0.3,0.005510579980394107,0.95,0.0013607710911879153,0.3,20,2048,0.00017101866204807738,1.0,280.61181726900395,0.999828981337952,2.0,168.36575755,17.573681349999987,"[168.36575755, 203.51312025]",COMPLETE
59,147.86026345,2026-07-21 10:30:05.883124,2026-07-21 10:33:57.311090,0 days 00:03:51.427966,128,0.3,0.0018050553608088434,0.95,0.001429518692420485,0.3,20,2048,0.0002899795281230683,1.0,231.34188805698068,0.999710020471877,2.0,81.79528149999999,66.06498195,"[81.79528149999999, 213.9252454]",COMPLETE
60,92.09843985,2026-07-21 10:30:09.971689,2026-07-21 10:34:23.367913,0 days 00:04:13.396224,128,0.3,0.0036644467908075835,0.95,0.0013377756334316288,0.3,20,2048,0.00018767942097685345,1.0,253.32270957299625,0.9998123205790231,2.0,12.161487950000001,79.9369519,"[12.161487950000001, 172.03539175]",COMPLETE
61,-42.309637800000004,2026-07-21 10:30:35.669532,2026-07-21 10:31:38.834210,0 days 00:01:03.164678,128,0.1,0.0047442513528263095,0.95,0.001417952240733716,0.3,20,2048,0.00019182511507609385,1.0,,,,,,,PRUNED
62,184.470377875,2026-07-21 10:30:38.586176,2026-07-21 10:34:55.821933,0 days 00:04:17.235757,128,0.1,0.007226110679979702,0.95,0.00144100202622962,0.3,20,2048,0.00018809288446464912,1.0,257.15412951100734,0.9998119071155354,2.0,106.21709105,78.25328682499999,"[262.7236647, 106.21709105]",COMPLETE
63,189.92672167499998,2026-07-21 10:30:39.045558,2026-07-21 10:34:47.643367,0 days 00:04:08.597809,128,0.1,0.005243760727297022,0.95,0.0013536766675615861,0.3,20,2048,0.00019268523011563654,1.0,248.50001081998926,0.9998073147698844,2.0,161.74772704999998,28.178994625,"[218.10571629999998, 161.74772704999998]",COMPLETE
64,211.395603025,2026-07-21 10:30:53.632179,2026-07-21 10:34:56.164081,0 days 00:04:02.531902,128,0.1,0.005008168054933949,0.95,0.0015946137255582306,0.3,20,2048,0.00026259029378244443,1.0,242.29518946399912,0.9997374097062176,2.0,172.48937985000003,38.906223174999965,"[172.48937985000003, 250.30182619999997]",COMPLETE
65,-116.63510360000001,2026-07-21 10:30:57.799290,2026-07-21 10:32:01.024180,0 days 00:01:03.224890,128,0.1,0.006744658400569119,0.95,0.0014761840604244798,0.3,20,2048,0.0002706170327218719,1.0,,,,,,,PRUNED
66,84.08981415,2026-07-21 10:31:05.931991,2026-07-21 10:35:46.707960,0 days 00:04:40.775969,64,0.1,0.0059255530802358545,0.95,0.0014540689451772537,1.0,20,2048,0.0002590568565348598,1.0,280.55846001399914,0.9997409431434652,2.0,-6.698363800000001,90.78817794999999,"[-6.698363800000001, 174.8779921]",COMPLETE
67,-67.80420360000001,2026-07-21 10:31:38.853309,2026-07-21 10:32:36.159797,0 days 00:00:57.306488,64,0.1,0.008129817243166679,0.95,0.0005257394719236844,1.0,20,2048,0.00026856874968458135,1.0,,,,,,,PRUNED
68,228.20754929999998,2026-07-21 10:31:44.836887,2026-07-21 10:35:23.116019,0 days 00:03:38.279132,128,0.1,0.007287490399697975,0.95,0.001691318976240209,0.3,20,2048,0.00024047607350869714,1.0,218.17811161198188,0.9997595239264913,2.0,215.54042099999998,12.667128300000002,"[240.87467759999998, 215.54042099999998]",COMPLETE
69,204.01612757499998,2026-07-21 10:32:01.038033,2026-07-21 10:35:26.865503,0 days 00:03:25.827470,128,0.1,0.0019643203932858118,0.95,0.0017469974877651125,0.3,20,2048,0.00022798375075588795,1.0,205.74394301100983,0.9997720162492442,2.0,190.89655304999997,13.119574525000033,"[217.13570210000003, 190.89655304999997]",COMPLETE
70,191.762336,2026-07-21 10:32:34.046671,2026-07-21 10:36:04.633307,0 days 00:03:30.586636,128,0.1,0.00178573438488171,0.95,0.0019566857625829084,0.3,20,2048,0.00015134565400096357,1.0,210.50668779498665,0.999848654345999,2.0,166.90292434999998,24.859411650000013,"[216.62174765, 166.90292434999998]",COMPLETE
71,-217.5846565,2026-07-21 10:32:36.173323,2026-07-21 10:33:29.103638,0 days 00:00:52.930315,128,0.1,0.0017747191346860374,0.95,0.0017883853938094577,0.3,10,2048,0.00014762880081139196,1.0,,,,,,,PRUNED
72,163.4085513,2026-07-21 10:33:06.341401,2026-07-21 10:36:09.941025,0 days 00:03:03.599624,128,0.1,6.08621884466168e-05,0.95,0.0018281921400624952,0.3,10,2048,0.0001550474445161804,1.0,183.53028569699381,0.9998449525554838,2.0,134.97498960000001,28.4335617,"[191.842113, 134.97498960000001]",COMPLETE
73,-70.4557203,2026-07-21 10:33:20.037127,2026-07-21 10:33:54.852270,0 days 00:00:34.815143,128,0.1,0.0020236057306849907,0.95,0.0018877019948901701,0.3,10,2048,0.00015119330211778198,1.0,,,,,,,PRUNED
74,-176.1878264,2026-07-21 10:33:21.011663,2026-07-21 10:33:55.921552,0 days 00:00:34.909889,128,0.1,5.3171951782229266e-05,0.98,0.001961743224427854,0.3,10,2048,0.00015171814607769463,1.0,,,,,,,PRUNED
75,-140.45398429999997,2026-07-21 10:33:29.122494,2026-07-21 10:34:08.590960,0 days 00:00:39.468466,128,0.1,7.826071566475818e-05,0.98,0.0008632934220672121,0.3,10,1024,0.00024188858889892507,1.0,,,,,,,PRUNED
76,144.16146507500002,2026-07-21 10:33:33.270212,2026-07-21 10:36:39.955772,0 days 00:03:06.685560,128,0.1,4.6006238959828494e-05,0.98,0.0009507304789336383,0.3,20,1024,0.00032908443327017044,1.0,186.59589496298577,0.9996709155667298,2.0,143.25533210000003,0.9061329749999913,"[143.25533210000003, 145.06759805000002]",COMPLETE
77,21.473754200000002,2026-07-21 10:33:54.213074,2026-07-21 10:34:35.979075,0 days 00:00:41.766001,128,0.1,6.395275965701119e-05,0.98,0.0008929342354938282,0.3,20,1024,0.0002969972594615579,1.0,,,,,,,PRUNED
78,224.1166536,2026-07-21 10:33:54.865807,2026-07-21 10:37:10.405445,0 days 00:03:15.539638,128,0.1,5.188201607359182e-05,0.98,0.0009168541685484063,0.3,20,1024,0.00023325086474591916,1.0,195.4705504309968,0.9997667491352541,2.0,193.78125625,30.335397349999994,"[193.78125625, 254.45205095]",COMPLETE
79,-143.61027729999998,2026-07-21 10:33:55.933077,2026-07-21 10:34:39.960918,0 days 00:00:44.027841,128,0.1,0.0005213371899712207,0.98,0.0008898211475725537,1.0,20,1024,0.000282485656220241,1.0,,,,,,,PRUNED
80,-70.4853291,2026-07-21 10:33:57.324497,2026-07-21 10:34:55.541788,0 days 00:00:58.217291,128,0.3,0.00036790329983538443,0.95,0.0005428168861709591,1.0,20,2048,0.0002479343147260244,1.0,,,,,,,PRUNED
81,-21.1568224,2026-07-21 10:34:08.604133,2026-07-21 10:34:55.575155,0 days 00:00:46.971022,128,0.3,0.0005318774962857504,0.95,0.0009160430886539829,1.0,20,2048,0.00029753474484151313,1.0,,,,,,,PRUNED
82,-53.19983560000001,2026-07-21 10:34:23.379918,2026-07-21 10:36:03.765713,0 days 00:01:40.385795,64,0.3,0.00041558308149169953,0.95,0.0016278855518567473,1.0,20,2048,0.00029689515042473575,1.0,,,,,,,PRUNED
83,20.9242342,2026-07-21 10:34:33.669788,2026-07-21 10:35:12.828455,0 days 00:00:39.158667,64,0.3,0.00043563805932165053,0.95,0.0009284751257741187,0.3,5,2048,0.00033352358802090016,1.0,,,,,,,PRUNED
84,-4.115740700000004,2026-07-21 10:34:35.991110,2026-07-21 10:35:14.552901,0 days 00:00:38.561791,64,0.3,0.019915115355367576,0.95,0.0016641869272547912,0.3,5,2048,0.00012517214475889728,1.0,,,,,,,PRUNED
85,150.01671604999999,2026-07-21 10:34:47.659268,2026-07-21 10:38:37.460441,0 days 00:03:49.801173,64,0.3,0.01256446721557145,0.95,0.0015531869431687072,0.3,20,2048,0.00012690130472397312,1.0,229.73145986700547,0.9998730986952761,2.0,38.147348750000006,111.8693673,"[38.147348750000006, 261.88608335]",COMPLETE
86,14.158667700000004,2026-07-21 10:34:55.564455,2026-07-21 10:35:37.871238,0 days 00:00:42.306783,64,0.3,0.0010206693305336231,0.95,0.0015957862398849232,0.3,5,2048,0.00012690504603447348,1.0,,,,,,,PRUNED
87,-99.79829260000001,2026-07-21 10:34:55.835369,2026-07-21 10:35:22.587634,0 days 00:00:26.752265,64,0.1,0.017197236705157586,0.95,0.0016388003300925789,0.3,5,2048,0.00012186498945510113,1.0,,,,,,,PRUNED
88,-127.5672024,2026-07-21 10:34:56.181364,2026-07-21 10:35:35.249652,0 days 00:00:39.068288,128,0.1,0.01534384948733875,0.95,0.0021649843613421246,0.3,20,2048,0.00012409437589171217,1.0,,,,,,,PRUNED
89,213.78037954999996,2026-07-21 10:35:12.838064,2026-07-21 10:38:07.853304,0 days 00:02:55.015240,128,0.1,0.01752174401206402,0.95,0.001617173398532327,0.3,20,2048,0.00012440060560081251,1.0,174.94387012399966,0.9998755993943992,2.0,170.06941649999996,43.71096305000002,"[170.06941649999996, 257.4913426]",COMPLETE
90,-61.37961850000001,2026-07-21 10:35:14.563721,2026-07-21 10:35:51.170056,0 days 00:00:36.606335,128,0.1,0.013498377355045402,0.95,0.0021543619049533133,0.3,20,2048,0.0001256007666524805,1.0,,,,,,,PRUNED
91,-18.9831852,2026-07-21 10:35:22.597972,2026-07-21 10:36:08.133932,0 days 00:00:45.535960,128,0.1,0.0008151251624258448,0.95,0.0021906163664327113,0.3,20,2048,0.00022113110434962525,1.0,,,,,,,PRUNED
92,-6.391374400000002,2026-07-21 10:35:23.129650,2026-07-21 10:36:03.101928,0 days 00:00:39.972278,128,0.1,0.01268285712829676,0.95,0.002255043998680411,0.3,20,4096,0.00021195013778023495,1.0,,,,,,,PRUNED
93,-51.2236735,2026-07-21 10:35:26.878454,2026-07-21 10:36:11.621752,0 days 00:00:44.743298,128,0.1,0.012020646976006416,0.95,0.0015746753983376036,0.3,20,4096,0.00021944473946573914,1.0,,,,,,,PRUNED
94,-120.17996639999998,2026-07-21 10:35:35.261852,2026-07-21 10:36:19.327770,0 days 00:00:44.065918,128,0.1,0.010004677691630147,0.95,0.001584678767096911,0.3,20,2048,0.00022461673250519533,1.0,,,,,,,PRUNED
95,-132.3503478,2026-07-21 10:35:37.882595,2026-07-21 10:36:15.619871,0 days 00:00:37.737276,128,0.1,0.011988476993559401,0.95,0.002160215679061722,0.3,20,4096,0.00016178487346452875,1.0,,,,,,,PRUNED
96,-84.1044883,2026-07-21 10:35:46.721237,2026-07-21 10:36:25.301158,0 days 00:00:38.579921,128,0.1,0.011591431653398373,0.95,0.0021503861979860536,0.3,20,4096,0.0002190236760096698,1.0,,,,,,,PRUNED
97,5.042706700000002,2026-07-21 10:35:51.180963,2026-07-21 10:36:28.205720,0 days 00:00:37.024757,128,0.1,0.010960865952008262,0.95,0.0017700873296624627,0.3,20,4096,0.00022021101546571798,1.0,,,,,,,PRUNED
98,14.7985975,2026-07-21 10:36:04.644766,2026-07-21 10:36:44.172112,0 days 00:00:39.527346,128,0.1,0.0027913702446003196,0.95,0.0011935991303923192,0.3,20,2048,0.00022380078873020427,1.0,,,,,,,PRUNED
99,164.914965925,2026-07-21 10:36:08.144092,2026-07-21 10:38:36.682908,0 days 00:02:28.538816,128,0.1,0.0023428389232260202,0.95,0.001201927324342205,0.3,20,2048,0.0001614078818072097,1.0,148.46983402001206,0.9998385921181928,2.0,152.7475146,12.167451325000016,"[177.08241725000002, 152.7475146]",COMPLETE
100,-89.8315417,2026-07-21 10:36:09.954036,2026-07-21 10:36:49.444380,0 days 00:00:39.490344,128,0.1,0.00015995573130376267,0.95,0.001252146480889299,0.3,20,4096,0.00016923962697874603,1.0,,,,,,,PRUNED
101,29.1007514,2026-07-21 10:36:11.633343,2026-07-21 10:36:46.937402,0 days 00:00:35.304059,128,0.1,0.0025828491975124985,0.95,0.0012034943854493366,0.3,20,2048,0.00017506224051408163,1.0,,,,,,,PRUNED
102,-152.4714871,2026-07-21 10:36:15.630962,2026-07-21 10:36:43.504923,0 days 00:00:27.873961,128,0.1,0.0024789837392396453,0.95,0.0017838489900601849,0.3,10,2048,0.00017366947194064766,1.0,,,,,,,PRUNED
103,11.307524,2026-07-21 10:36:19.338137,2026-07-21 10:36:48.973084,0 days 00:00:29.634947,128,0.1,0.00014849784907351648,0.95,0.0011991123452739037,0.3,10,2048,0.0001636929131840604,1.0,,,,,,,PRUNED
104,-56.2004015,2026-07-21 10:36:25.312764,2026-07-21 10:36:52.945066,0 days 00:00:27.632302,128,0.1,0.0011851648990912828,0.95,0.0019266790256105926,0.3,10,2048,0.00017661713094115528,1.0,,,,,,,PRUNED
105,-97.0975578,2026-07-21 10:36:28.215724,2026-07-21 10:36:56.777288,0 days 00:00:28.561564,128,0.1,0.000145448836049745,0.95,0.0012050087602979661,0.3,10,2048,0.0001694630401919418,1.0,,,,,,,PRUNED
106,28.13492255000002,2026-07-21 10:36:39.968149,2026-07-21 10:38:53.452129,0 days 00:02:13.483980,128,0.1,0.00016334521012186808,0.95,0.0012276381298910297,0.3,10,2048,0.00018088255539938658,1.0,133.41496871001436,0.9998191174446006,2.0,-94.15829805,122.29322060000001,"[150.42814315000004, -94.15829805]",COMPLETE
107,-308.0562335000001,2026-07-21 10:36:43.514753,2026-07-21 10:37:10.339471,0 days 00:00:26.824718,128,0.1,0.00017241230102839344,0.95,0.001254901752580477,0.3,10,2048,0.00013944948049376615,1.0,,,,,,,PRUNED
108,-3413.4658934,2026-07-21 10:36:44.182800,2026-07-21 10:37:05.090144,0 days 00:00:20.907344,128,0.1,0.00016338555082945333,0.95,0.0012747225710491303,0.3,3,2048,0.000135399288451519,1.0,,,,,,,PRUNED
109,-946.5183019,2026-07-21 10:36:52.955141,2026-07-21 10:37:13.682069,0 days 00:00:20.726928,256,0.1,6.603569844607915e-07,0.95,0.002542695083611352,0.3,3,2048,0.00014086926380303577,1.0,,,,,,,PRUNED
110,224.21844055000003,2026-07-21 10:37:05.100899,2026-07-21 10:39:30.742116,0 days 00:02:25.641217,128,0.1,0.007439874604576956,0.95,0.002459397781942033,0.5,20,2048,0.00010398517584166351,1.0,145.57308431097772,0.9998960148241584,2.0,186.87635175,37.34208880000001,"[186.87635175, 261.56052935]",COMPLETE
111,-155.4459311,2026-07-21 10:37:10.413617,2026-07-21 10:37:36.284656,0 days 00:00:25.871039,128,0.1,2.5758861008553195e-05,1.0,0.0008039748807061683,0.3,20,2048,0.0001918026657188189,1.0,,,,,,,PRUNED
112,86.13796712500002,2026-07-21 10:37:36.294135,2026-07-21 10:39:49.917496,0 days 00:02:13.623361,128,0.1,0.006986468455906799,0.95,0.0014861823188262438,0.5,20,2048,0.0003517201243260652,1.0,133.56713942499482,0.999648279875674,2.0,79.0776475,7.060319625000012,"[79.0776475, 93.19828675000002]",COMPLETE
113,85.2075758,2026-07-21 10:38:07.862249,2026-07-21 10:39:12.920286,0 days 00:01:05.058037,128,0.3,0.007589098346370946,0.95,0.001037410656892612,0.5,20,2048,0.00036263752088686377,1.0,,,,,,,PRUNED
114,79.99578119999998,2026-07-21 10:38:37.469456,2026-07-21 10:39:25.295374,0 days 00:00:47.825918,128,0.2,0.00449942637068422,0.9,0.0006680864057329287,0.5,20,2048,0.0005125551752111175,1.0,,,,,,,PRUNED
115,204.82534354999999,2026-07-21 10:38:53.459549,2026-07-21 10:41:01.574929,0 days 00:02:08.115380,128,0.1,0.007463737233576227,0.95,0.0013684676319433353,0.5,20,2048,0.00010746413600083258,1.0,128.05972265900346,0.9998925358639992,2.0,190.54642545,14.278918099999999,"[219.10426164999998, 190.54642545]",COMPLETE
116,-15.2985273,2026-07-21 10:39:12.928684,2026-07-21 10:39:45.341530,0 days 00:00:32.412846,128,0.1,0.004719331959768041,0.95,0.001025690326637076,0.3,20,2048,0.00011101547425705009,1.0,,,,,,,PRUNED
117,-73.0240265,2026-07-21 10:39:25.302852,2026-07-21 10:39:52.304369,0 days 00:00:27.001517,128,0.1,0.006239829744045366,0.95,0.001025102358999264,0.3,20,2048,0.00010704802826478714,1.0,,,,,,,PRUNED
118,-99.0167231,2026-07-21 10:39:49.924401,2026-07-21 10:40:12.094309,0 days 00:00:22.169908,128,0.1,0.005724844831084274,1.0,0.0027465362441642474,0.5,20,2048,0.00010501358307943218,0.5,,,,,,,PRUNED
119,146.62487314999998,2026-07-21 10:41:01.583193,2026-07-21 10:43:03.720611,0 days 00:02:02.137418,256,0.1,0.0033153051412739285,0.95,0.0020165065348881754,0.5,20,2048,0.00019775421016104825,1.0,122.07200384300086,0.999802245789839,2.0,98.8433618,47.78151135,"[194.4063845, 98.8433618]",COMPLETE
