#{"t_start": 1784145559.1752927, "env_id": "LunarLander-v3"}
r,l,t
-146.592893,72,0.019414
-123.799733,67,0.034805
-326.53836,89,0.055643
-228.358216,66,0.071136
-98.414654,71,0.087433
-239.888842,96,0.109926
-176.048358,125,0.140001
-83.686313,68,0.155885
-283.230466,95,0.178473
-155.267686,92,0.199201
-84.209363,58,0.213035
-90.713092,106,0.238075
-333.762975,99,0.414915
-131.283087,99,0.438225
-118.305051,97,0.461143
-117.400598,77,0.479079
-62.174413,99,0.502403
-150.870894,84,0.521801
-251.991825,108,0.547277
-93.953615,77,0.56504
-206.036623,83,0.584417
-192.475552,76,0.601869
-109.611748,142,0.636091
-100.92986,72,0.805086
-144.544791,133,0.837309
-255.060789,138,0.871962
-140.041242,82,0.891726
-140.994078,82,0.910719
-0.194472,67,0.926422
-111.204576,98,0.949208
35.259147,126,0.979953
-58.421653,66,0.995405
-104.371052,113,1.021537
-95.055103,77,1.193377
-116.311088,84,1.214125
-150.593037,100,1.238179
-205.578889,97,1.261219
-115.422649,82,1.280857
-162.543895,117,1.308006
-103.056316,80,1.326489
-122.727728,61,1.340523
-130.575813,109,1.366834
-93.966214,67,1.382352
-80.197508,94,1.404798
-6.646679,109,1.581118
-132.097657,144,1.617747
27.651906,89,1.638687
-244.334141,144,1.673921
-63.414681,79,1.692229
-190.862636,88,1.712957
-73.113793,107,1.738508
-31.02089,74,1.756166
-206.189912,120,1.785318
-77.792174,74,1.803093
-180.707582,126,1.98517
-86.830561,74,2.003037
-276.520695,121,2.032662
-96.868406,93,2.054669
-251.142748,109,2.080711
-222.431619,86,2.101344
-103.740403,134,2.134394
-123.072907,72,2.151265
-73.989915,62,2.165213
-188.806912,117,2.19308
-275.277668,116,2.222465
-151.954856,129,2.405551
-281.490112,110,2.431845
-68.22797,78,2.450246
-65.611453,97,2.474006
-392.253147,136,2.50719
-326.191392,105,2.531664
-379.641178,169,2.575118
-67.631208,184,2.622648
-111.168597,80,2.792593
-251.605778,142,2.82752
-458.238252,153,2.865287
-56.553178,77,2.883442
-133.754893,100,2.907781
-60.659455,125,2.938311
-273.857867,88,2.959151
40.714804,161,3.000552
-137.189345,93,3.022872
-119.396733,112,3.201279
-168.131784,121,3.23107
-68.041124,74,3.248416
-158.157537,112,3.275882
-53.988652,75,3.293892
-119.376936,68,3.309968
-116.262162,93,3.332168
-93.957216,87,3.352517
-63.725852,147,3.389383
-62.74762,76,3.407218
-142.163068,94,3.429619
-20.002508,82,3.600103
-73.843978,94,3.622741
-75.538609,91,3.644699
-228.052931,137,3.678356
-32.271335,148,3.714694
-67.709769,89,3.73595
-8.389849,118,3.764599
-71.466556,104,3.789479
-58.489806,151,3.82768
-200.033755,146,4.015825
-163.933631,176,4.060906
-279.88748,135,4.09456
-257.362128,144,4.131515
-270.850599,169,4.17577
-250.267518,112,4.203614
-308.148586,169,4.399221
-76.886814,90,4.420868
-76.215795,117,4.450114
-306.790642,211,4.506573
-100.216134,134,4.540403
-93.351771,235,4.605784
-318.195119,174,4.649852
-9.263482,140,4.835245
-107.044888,85,4.856051
-54.853769,104,4.881069
-27.167819,94,4.903403
-277.408393,167,4.946963
-88.133477,161,4.988538
-111.263477,104,5.013993
-65.65712,87,5.034961
-179.34117,118,5.063157
-0.853293,170,5.260652
-55.536649,99,5.285131
-276.912521,112,5.312881
-52.032251,209,5.37025
-30.791123,138,5.40514
-166.39824,135,5.439992
-129.794048,161,5.480313
-58.663687,212,5.689598
-80.512434,114,5.718616
-24.461808,142,5.755323
-165.357856,186,5.802879
-225.401095,121,5.83306
-92.465115,164,5.875139
2.518955,159,6.068197
-41.682004,178,6.116575
-141.272674,159,6.157162
-194.288103,196,6.208858
-466.835913,211,6.268083
-47.897212,142,6.304892
-249.673562,133,6.489954
-125.26496,247,6.559546
-123.043434,193,6.609229
27.211438,1000,7.424985
-146.16885,115,7.454529
-35.800125,150,7.49202
10.53088,110,7.518404
-153.376894,163,7.561586
-283.45363,222,7.775425
-213.711612,199,7.830792
-80.268237,127,7.863573
-155.845711,174,7.909928
-39.553441,103,7.935048
-16.795154,144,7.972683
-230.869747,146,8.162319
26.870201,133,8.196268
-100.084001,194,8.250324
-184.281442,126,8.282358
-206.129937,285,8.369063
-9.179752,109,8.396143
-58.902166,133,8.581855
31.018894,200,8.637462
-34.510516,137,8.671986
-29.401736,119,8.701765
-32.988538,155,8.741429
-72.57951,140,8.777259
-180.267413,175,8.824034
-207.765257,120,9.00548
9.819216,137,9.040969
-50.156039,140,9.077437
-115.899559,148,9.116437
-344.131729,181,9.163802
-223.984738,250,9.236819
-290.955926,167,9.431307
3.829738,202,9.488496
-156.400918,125,9.520428
-198.627692,183,9.570369
-44.605183,153,9.610026
43.815623,1000,10.315815
-234.277662,243,10.38809
-26.095704,162,10.581733
42.325136,160,10.624663
-114.737888,127,10.656941
-484.355675,392,11.230254
-255.825382,164,11.273834
-220.226659,266,11.507615
-296.042998,214,11.568387
-314.890957,123,11.598985
3.232925,183,11.64924
-147.276185,140,11.6853
-24.091962,110,11.713188
-231.674185,226,11.926766
-74.949284,122,11.958034
-96.792284,198,12.01321
-298.440878,182,12.06166
-313.872092,347,12.190097
-284.494219,189,12.398063
-259.769591,128,12.431348
73.779972,1000,13.280263
-213.247164,278,13.371776
-270.523109,254,13.44951
-114.733447,280,13.683648
-98.84505,223,13.751254
-187.571114,280,13.8456
-27.556991,161,13.888709
-161.835694,245,13.96284
-58.839119,163,14.157614
-200.583825,194,14.213071
-36.605764,291,14.30675
-49.425487,191,14.359509
-31.004096,299,14.605627
9.067992,241,14.681273
-271.868415,233,14.750597
-224.117522,158,14.792426
-50.318399,115,14.821628
-249.377017,286,15.065222
-37.315431,287,15.158147
-261.625573,257,15.236858
-8.028108,127,15.270031
-144.003795,233,15.339511
-263.223747,190,15.543991
-219.436925,155,15.584546
-209.668397,182,15.633405
-183.765864,170,15.680446
-242.7427,244,15.756053
-246.718039,186,15.95757
-189.257387,198,16.013339
-170.228656,214,16.073583
-280.410206,162,16.116273
-257.003963,198,16.169588
-7.667505,130,16.202785
-229.333284,166,16.398781
-242.783255,195,16.452873
-123.318958,200,16.507668
-25.227509,210,16.568269
-177.220892,136,16.602515
-284.36551,291,16.852371
63.330476,1000,17.697369
-44.743675,123,17.730191
-5.123776,128,17.763801
-183.644034,161,17.80651
-1.652552,185,17.856065
12.852267,172,17.901495
-73.323857,135,17.935998
-159.685106,234,18.159269
-36.376651,142,18.19684
-97.354463,288,18.298522
-262.844155,155,18.3401
-48.573765,200,18.39718
-6.082982,161,18.593991
-71.060681,176,18.642138
-94.964617,166,18.685802
-285.470506,160,18.728271
-224.194662,266,18.810206
-67.714783,193,19.016438
-197.891261,217,19.077719
-17.012344,170,19.123771
-174.485661,137,19.158735
-5.448417,134,19.193245
-76.012996,167,19.238292
-51.864906,161,19.28007
-174.51944,189,19.485733
-98.80475,186,19.53823
-174.051339,194,19.591221
-14.3487,235,19.659271
20.984567,283,19.896003
-320.726654,185,19.946845
19.143824,231,20.019404
-231.411827,164,20.064195
-129.170176,220,20.129769
-212.301129,170,20.327351
-321.190341,298,20.424626
-283.945517,293,20.52094
-267.58134,338,20.633899
-267.076035,422,20.944963
-3.116436,215,21.005386
-209.389066,242,21.075871
-51.353917,279,21.322357
-236.263409,211,21.38191
-59.488684,184,21.431969
-20.643177,276,21.520407
139.895498,1000,22.396917
-35.345735,300,22.49963
135.250574,1000,23.213788
-210.551683,180,23.414356
-386.84346,298,23.513466
-95.732693,204,23.572051
64.515121,1000,24.997899
91.34174,1000,25.936175
-377.420282,507,26.30414
-208.996103,278,26.389378
-326.117095,374,26.526456
-179.278232,216,26.589065
-267.458176,278,26.836209
-94.076198,217,26.90309
-36.331109,232,26.97222
-27.600962,199,27.028874
-304.205484,272,27.269439
-72.65283,236,27.337908
80.263615,1000,28.022564
-225.074509,346,28.150681
-78.654538,319,28.26332
-168.298747,306,28.51447
-216.728699,242,28.593609
17.929261,173,28.641896
-169.7424,360,28.771886
-216.769977,289,29.016077
-328.937635,432,29.164418
18.693092,270,29.252966
-120.923502,335,29.517064
-139.839871,424,29.671107
-94.111777,213,29.733852
8.028134,286,29.984182
16.214317,1000,30.584256
-112.529221,414,30.762549
-52.388522,419,30.951736
136.510307,1000,31.637722
-35.539327,299,31.892709
-37.629635,417,32.051927
-54.33059,501,32.445637
-152.564729,1000,33.137869
-57.397224,389,33.264929
-75.290251,709,33.826759
-34.596097,233,33.895846
-68.301248,684,34.348513
133.326409,1000,35.157208
-162.447571,584,35.389622
57.617991,1000,36.44779
54.068338,1000,37.100228
25.338,1000,37.906837
29.274862,1000,38.901603
17.067817,1000,39.530411
-33.355022,1000,40.403288
-72.051815,1000,42.559555
44.429102,1000,43.275489
-47.074733,1000,44.337389
10.709912,1000,45.232409
-57.739105,1000,46.006372
-33.048267,1000,46.906187
-78.861873,1000,47.995752
-85.778452,1000,48.976622
-52.126472,1000,49.90966
31.154679,1000,50.718485
44.399092,1000,51.556888
-105.39445,662,52.058795
-110.762086,745,52.641515
-2.021842,1000,53.309
-142.814979,989,54.116677
-39.930646,1000,54.853905
-42.426288,1000,55.540182
4.329168,1000,56.465207
-27.807097,1000,57.257004
-51.571184,1000,57.925969
-9.411765,1000,59.134078
28.732156,1000,60.159552
84.139143,946,60.696819
-4.950175,1000,61.763843
8.147159,1000,62.554771
1.622055,1000,63.452383
